schema_version,discovery_path,source_records_examined,candidate_rows_contributed,candidate_rows_introduced,advanced_to_stage_3,catalog_or_manual_review,screened_out,yield_rate,non_educational_filtered,unmatched_affiliations,stale_affiliation_name_corrections,notes
2.0,recognized_institution_record,5833,1965,1839,83,264,1618,0.1766,0,0,0,Contribution is discovery-only and does not score or recommend universities.
2.0,official_program_or_department_signal,1839,93,0,83,0,10,0.8925,0,0,0,Contribution is discovery-only and does not score or recommend universities.
2.0,recent_paper_signal,1647,903,83,72,253,578,0.3599,815,166,30,"Non-educational organizations were filtered before candidate contribution; publication-time author affiliations were used only after canonical institution matching, and only current official faculty cross-matches contribute the faculty path."
2.0,current_faculty_topic_signal,6923,51,0,11,0,40,0.2157,2514,712,166,"Non-educational organizations were filtered before candidate contribution; publication-time author affiliations were used only after canonical institution matching, and only current official faculty cross-matches contribute the faculty path."
2.0,lab_or_center_signal,56,55,0,55,0,0,1.0000,0,0,0,Contribution is discovery-only and does not score or recommend universities.
2.0,calendar_prior_list,55,204,3,21,34,149,0.2696,0,0,0,Contribution is discovery-only and does not score or recommend universities.
2.0,first_audit_program,56,55,40,55,0,0,1.0000,0,0,0,Contribution is discovery-only and does not score or recommend universities.
2.0,research_masters_or_scholarship_search,1839,80,0,77,0,3,0.9625,0,0,0,Contribution is discovery-only and does not score or recommend universities.
2.0,underrepresented_route_search,1839,119,0,34,82,3,0.9748,0,0,0,Contribution is discovery-only and does not score or recommend universities.
