schema_version,evidence_rank,score_band,program_id,institution_id,institution_name,country,region,program_name,degree_type,official_program_url,stage3_verification_status,professor_alignment_score,department_program_depth_score,funding_net_viability_score,eligibility_credential_alignment_score,degree_admissions_alignment_score,application_economics_score,overall_score,component_score_pattern,funding_hard_gate,professor_hard_gate,eligibility_hard_gate,degree_structure_hard_gate,coursework_exception_gate,all_hard_gates_pass,hard_gate_failures,distinct_verified_strong_matches,faculty_depth_points,single_professor_dependency,funding_status,application_fee,fee_currency,admission_plausibility,admission_plausibility_rationale,published_minimum_gpa,applicant_cumulative_gpa,applicant_recent_two_year_gpa,admission_probability,evidence_completeness,score_confidence,unresolved_conflicts,ranking_status,score_evidence_ids,generated_by,scored_at
2.0,1,65-79,us:ipeds:179867:program:phd:computer-science-phd,us:ipeds:179867,Washington University in St Louis,United States,us,Computer Science PhD,PhD,https://admin.aprc.wustl.edu/academics/graduate-admissions/index.html,retained,20,5,20,15,10,5,75,professor_alignment:20/30|department_program_depth:5/15|funding_net_viability:20/25|eligibility_credential_alignment:15/15|degree_admissions_alignment:10/10|application_economics:5/5,true,true,true,true,true,true,,1,5,true,McKelvey states its PhD students are fully funded with full tuition and health insurance,Not stated on reviewed official admissions page,USD,Insufficient evidence,Published minimums and formal eligibility do not calibrate admission chances; no official cohort/selectivity evidence is recorded.,No hard CSE minimum verified,3.35,>3.5,,partial,medium,"Confirm deadline/fee and multi-year/summer terms with CSE Graduate Admissions | Single-professor dependency. | One or more duration, tuition, fee, health, summer, or net-cost terms remain unresolved.",eligible_for_evidence_ranking,scoreev:201e8ea60591941c|scoreev:62da0a9a76e034d5|scoreev:06012f74cc229b99|scoreev:828f56790b75cfc6|scoreev:8c8ceeda4a1191c0|scoreev:feab2c430f22ef60,graduate_audit.evidence_scoring:v1,2026-09-10T20:10:22.746680+00:00
2.0,2,65-79,us:ipeds:166629:program:phd:computer-science-phd,us:ipeds:166629,University of Massachusetts-Amherst,United States,us,Computer Science PhD,PhD,https://www.cics.umass.edu/academics/phd-computer-science/how-apply-phd-program,retained,20,5,20,15,10,3,73,professor_alignment:20/30|department_program_depth:5/15|funding_net_viability:20/25|eligibility_credential_alignment:15/15|degree_admissions_alignment:10/10|application_economics:3/5,true,true,true,true,true,true,,1,5,true,"CICS policy guarantees support for the first five years for covered doctoral students, subject to adequate progress and availability of funds",90,USD,Insufficient evidence,Published minimums and formal eligibility do not calibrate admission chances; no official cohort/selectivity evidence is recorded.,No hard program minimum stated,3.35,>3.5,,partial,medium,"Confirm the Fall 2027 offer's summer and insurance/fee details | Single-professor dependency. | One or more duration, tuition, fee, health, summer, or net-cost terms remain unresolved. | Applicable waiver or final Fall 2027 cost is not guaranteed.",eligible_for_evidence_ranking,scoreev:9b726df861a94f17|scoreev:a076e812383f444e|scoreev:91344ba3c86eb87f|scoreev:5b567db722b9e88b|scoreev:45f90de40c4bdb77|scoreev:00faa69cb1484b3d,graduate_audit.evidence_scoring:v1,2026-09-10T20:10:22.746680+00:00
2.0,2,65-79,us:ipeds:233921:program:phd:computer-science-phd,us:ipeds:233921,Virginia Polytechnic Institute and State University,United States,us,Computer Science PhD,PhD,https://website.cs.vt.edu/academic/graduate/future-grads/doctorate.html,retained,20,5,20,15,10,3,73,professor_alignment:20/30|department_program_depth:5/15|funding_net_viability:20/25|eligibility_credential_alignment:15/15|degree_admissions_alignment:10/10|application_economics:3/5,true,true,true,true,true,true,,1,5,true,"Beginning with the Fall 2026 admission cycle, 100% of admitted PhD students receive a conditional five-year offer, excluding summers; some fees remain the student's responsibility.",75,USD,Insufficient evidence,Published minimums and formal eligibility do not calibrate admission chances; no official cohort/selectivity evidence is recorded.,3.0/4.0,3.35,>3.5,,partial,medium,"What summer-support expectation applies after year one? | Single-professor dependency. | One or more duration, tuition, fee, health, summer, or net-cost terms remain unresolved. | Applicable waiver or final Fall 2027 cost is not guaranteed.",eligible_for_evidence_ranking,scoreev:c57c8567189e992a|scoreev:500ea51e867d9b1f|scoreev:10c6b4de19f5ca53|scoreev:44e742e202b08bdf|scoreev:a49cf92e69284a07|scoreev:a8cd9f86c15231ca,graduate_audit.evidence_scoring:v1,2026-09-10T20:10:22.746680+00:00
2.0,3,65-79,us:ipeds:211440:program:phd:software-engineering-phd,us:ipeds:211440,Carnegie Mellon University,United States,us,Software Engineering PhD,PhD,https://se-phd.isri.cmu.edu/,retained,20,5,20,10,10,5,70,professor_alignment:20/30|department_program_depth:5/15|funding_net_viability:20/25|eligibility_credential_alignment:10/15|degree_admissions_alignment:10/10|application_economics:5/5,true,true,true,true,true,true,,1,5,true,Credible full-support commitment: tuition and living support for admitted SE PhD students in good standing,0,USD,Insufficient evidence,Published minimums and formal eligibility do not calibrate admission chances; no official cohort/selectivity evidence is recorded.,No hard program minimum located,3.35,>3.5,,partial,medium,"Confirm exact 2027 stipend and health/fee components in an offer | Single-professor dependency. | One or more duration, tuition, fee, health, summer, or net-cost terms remain unresolved.",eligible_for_evidence_ranking,scoreev:e1ea169ff0f60048|scoreev:9a81b502a49d07ae|scoreev:b11bfeab7b91bf8b|scoreev:771ca3419fc562c8|scoreev:3ea54ebe306487e9|scoreev:d7f8653eae228738,graduate_audit.evidence_scoring:v1,2026-09-10T20:10:22.746680+00:00
2.0,3,65-79,us:ipeds:167358:program:phd:computer-science-phd,us:ipeds:167358,Northeastern University,United States,us,Computer Science PhD,PhD,https://www.khoury.northeastern.edu/apply/phd-apply/,retained,20,5,20,15,10,0,70,professor_alignment:20/30|department_program_depth:5/15|funding_net_viability:20/25|eligibility_credential_alignment:15/15|degree_admissions_alignment:10/10|application_economics:0/5,true,true,true,true,true,true,,1,5,true,Khoury states all admitted CS and Cybersecurity PhD students receive a five-year package,Not stated on reviewed official PhD page,USD,Insufficient evidence,Published minimums and formal eligibility do not calibrate admission chances; no official cohort/selectivity evidence is recorded.,No hard program minimum verified,3.35,>3.5,,partial,low,"Confirm Fall 2027 deadline, fee, and summer-support mechanics when the cycle page updates | Single-professor dependency. | One or more duration, tuition, fee, health, summer, or net-cost terms remain unresolved. | Fee is high or the applicable Fall 2027 amount/waiver remains unverified.",eligible_for_evidence_ranking,scoreev:94e26f6ac0dc4f25|scoreev:955aa251d5e035c5|scoreev:2a759d91d13459fe|scoreev:d425dd5adfc7e3a2|scoreev:8dbc1e70d6a48372|scoreev:78cf42047ea8fcdb,graduate_audit.evidence_scoring:v1,2026-09-10T20:10:22.746680+00:00
2.0,4,65-79,us:ipeds:145637:program:phd:computer-science-phd,us:ipeds:145637,University of Illinois Urbana-Champaign,United States,us,Computer Science PhD,PhD,https://catalog.illinois.edu/graduate/engineering/computer-science-phd/,retained,20,5,20,10,10,3,68,professor_alignment:20/30|department_program_depth:5/15|funding_net_viability:20/25|eligibility_credential_alignment:10/15|degree_admissions_alignment:10/10|application_economics:3/5,true,true,true,true,true,true,,1,5,true,Catalog describes five years of eligible appointments with stipend and tuition waiver,90,USD,Insufficient evidence,Published minimums and formal eligibility do not calibrate admission chances; no official cohort/selectivity evidence is recorded.,3.0/4.0 over the last two undergraduate years; 3.40 is recommended by the program,3.35,>3.5,,partial,medium,"How will the committee weigh the stronger recent-two-year record against the 3.35 cumulative GPA and 3.40 recommendation? | Single-professor dependency. | One or more duration, tuition, fee, health, summer, or net-cost terms remain unresolved. | Applicable waiver or final Fall 2027 cost is not guaranteed.",eligible_for_evidence_ranking,scoreev:7a79a5755d399377|scoreev:d7cb92b182fa1774|scoreev:a48414d96146598e|scoreev:9b74f6c1fdd5b401|scoreev:eeee36762abf19ea|scoreev:434ec2ab5a4b5a1f,graduate_audit.evidence_scoring:v1,2026-09-10T20:10:22.746680+00:00
2.0,4,65-79,us:ipeds:170976:program:phd:computer-science-and-engineering-phd,us:ipeds:170976,University of Michigan-Ann Arbor,United States,us,Computer Science and Engineering PhD,PhD,https://cse.engin.umich.edu/academics/graduate/admissions/,retained,20,5,20,10,10,3,68,professor_alignment:20/30|department_program_depth:5/15|funding_net_viability:20/25|eligibility_credential_alignment:10/15|degree_admissions_alignment:10/10|application_economics:3/5,true,true,true,true,true,true,,1,5,true,"CSE guarantees full support for admitted PhD students for five years from bachelor's entry, subject to progress and program conditions",90 international / 75 domestic,USD,Insufficient evidence,Published minimums and formal eligibility do not calibrate admission chances; no official cohort/selectivity evidence is recorded.,No hard minimum; successful applicants typically 3.5+,3.35,>3.5,,partial,medium,"How will the committee weigh the >3.5 recent-two-year record against the 3.35 cumulative GPA? | Single-professor dependency. | One or more duration, tuition, fee, health, summer, or net-cost terms remain unresolved. | Applicable waiver or final Fall 2027 cost is not guaranteed.",eligible_for_evidence_ranking,scoreev:f07790e19f9572fc|scoreev:434641af49b5c979|scoreev:f7ef37ee85341d38|scoreev:389fe7526b0b07d5|scoreev:c2c2bda15af19745|scoreev:a1299865b1186d14,graduate_audit.evidence_scoring:v1,2026-09-10T20:10:22.746680+00:00
2.0,,65-79,us:ipeds:153603:program:phd:computer-science-phd,us:ipeds:153603,Iowa State University,United States,us,Computer Science PhD,PhD,https://www.cs.iastate.edu/graduate-studies/phd-application-requirements,conditional,20,5,10,15,10,5,65,professor_alignment:20/30|department_program_depth:5/15|funding_net_viability:10/25|eligibility_credential_alignment:15/15|degree_admissions_alignment:10/10|application_economics:5/5,false,true,true,true,true,false,funding,1,5,true,Selected admitted PhD students receive two academic years of TA support with full tuition and health; years 3–5 and summers are usually RA but advisor-dependent,0,USD,Insufficient evidence,Published minimums and formal eligibility do not calibrate admission chances; no official cohort/selectivity evidence is recorded.,3.0/4.0 typical Graduate College baseline,3.35,>3.5,,partial,low,Can the department describe a fallback if RA support is unavailable in years 3–5 or summer? | Single-professor dependency. | Official funding evidence exists but does not prove a credible program-wide package or full scholarship.,gated_out; diagnostic score only,scoreev:b26c80e8905d3f75|scoreev:0a5457173b38e62e|scoreev:039e3a0d9c4d466e|scoreev:58db8d6e36eed1bb|scoreev:64f05a8cb8a023e7|scoreev:0c2b1cb6221a5d77,graduate_audit.evidence_scoring:v1,2026-09-10T20:10:22.746680+00:00
2.0,,65-79,us:ipeds:152080:program:phd:computer-science-and-engineering-phd,us:ipeds:152080,University of Notre Dame,United States,us,Computer Science and Engineering PhD,PhD,https://engineering.nd.edu/departments-programs/graduate-programs/phd-in-computer-science-and-engineering/,conditional,20,5,10,15,10,5,65,professor_alignment:20/30|department_program_depth:5/15|funding_net_viability:10/25|eligibility_credential_alignment:15/15|degree_admissions_alignment:10/10|application_economics:5/5,false,true,true,true,true,false,funding,1,5,true,"Program states PhD students are generally supported with 12-month stipends, full tuition scholarships, and 100% health premium",75,USD,Insufficient evidence,Published minimums and formal eligibility do not calibrate admission chances; no official cohort/selectivity evidence is recorded.,No hard program minimum stated,3.35,>3.5,,partial,low,Confirm guaranteed duration in the admission offer and whether the December 15 date is unchanged for Fall 2027 | Single-professor dependency. | Official funding evidence exists but does not prove a credible program-wide package or full scholarship.,gated_out; diagnostic score only,scoreev:83396356a5b2d0d8|scoreev:07470650e653e35e|scoreev:0f9213c09efd04d4|scoreev:df020edd6608881e|scoreev:5200a7683b5a2fe2|scoreev:e886cfe6fa1fdd45,graduate_audit.evidence_scoring:v1,2026-09-10T20:10:22.746680+00:00
2.0,,50-64,us:ipeds:201645:program:phd:computer-science-phd,us:ipeds:201645,Case Western Reserve University,United States,us,Computer Science PhD,PhD,https://case.edu/programs/computer-science-phd,conditional,20,5,10,15,10,3,63,professor_alignment:20/30|department_program_depth:5/15|funding_net_viability:10/25|eligibility_credential_alignment:15/15|degree_admissions_alignment:10/10|application_economics:3/5,false,true,true,true,true,false,funding,1,5,true,Official program says selected incoming students are supported; no universal guarantee located,50,USD,Insufficient evidence,Published minimums and formal eligibility do not calibrate admission chances; no official cohort/selectivity evidence is recorded.,No hard program minimum stated,3.35,>3.5,,partial,low,"Would the program issue a full multi-year funding offer, and is GRE still required for Fall 2027? | Single-professor dependency. | Official funding evidence exists but does not prove a credible program-wide package or full scholarship. | Applicable waiver or final Fall 2027 cost is not guaranteed.",gated_out; diagnostic score only,scoreev:a85f266a9ffb0848|scoreev:213b7b4976a60ab0|scoreev:70eebc038f263913|scoreev:ca8215d9b9250321|scoreev:9e4c7dd13a10a780|scoreev:3c82009abc2065bf,graduate_audit.evidence_scoring:v1,2026-09-10T20:10:22.746680+00:00
2.0,,50-64,us:ipeds:199193:program:phd:computer-science-phd,us:ipeds:199193,North Carolina State University at Raleigh,United States,us,Computer Science PhD,PhD,https://csc.ncsu.edu/academics/graduate/phd/,retained,20,5,10,15,10,3,63,professor_alignment:20/30|department_program_depth:5/15|funding_net_viability:10/25|eligibility_credential_alignment:15/15|degree_admissions_alignment:10/10|application_economics:3/5,false,true,true,true,true,false,funding,1,5,true,"Current official policy promises tuition, individual health insurance, and stipend for four years to every fall PhD admit requesting aid; fees, summers, year five, and adviser transition remain unresolved.",95 international / 85 domestic,USD,Insufficient evidence,Published minimums and formal eligibility do not calibrate admission chances; no official cohort/selectivity evidence is recorded.,3.0/4.0 typical Graduate School baseline,3.35,>3.5,,partial,low,"What are the summer, student-fee, year-five, and adviser-transition terms in a Fall 2027 offer? | Single-professor dependency. | Official funding evidence exists but does not prove a credible program-wide package or full scholarship. | Applicable waiver or final Fall 2027 cost is not guaranteed.",gated_out; diagnostic score only,scoreev:469a0824894102b2|scoreev:818eee17323f1db7|scoreev:a8d9e006620c45b8|scoreev:4fc78f9bece89584|scoreev:afeeec795801d3f2|scoreev:8e655bcc49078b44,graduate_audit.evidence_scoring:v1,2026-09-10T20:10:22.746680+00:00
2.0,,50-64,us:ipeds:214777:program:phd:computer-science-and-engineering-phd,us:ipeds:214777,Pennsylvania State University-Main Campus,United States,us,Computer Science and Engineering PhD,PhD,https://www.eecs.psu.edu/students/graduate/Graduate-Degree-Programs-CSE.aspx,conditional,20,5,10,15,10,3,63,professor_alignment:20/30|department_program_depth:5/15|funding_net_viability:10/25|eligibility_credential_alignment:15/15|degree_admissions_alignment:10/10|application_economics:3/5,false,true,true,true,true,false,funding,1,5,true,"Appointments can include stipend, tuition, and 80% health premium; renewal and summer support are not guaranteed",85 international / 65 domestic,USD,Insufficient evidence,Published minimums and formal eligibility do not calibrate admission chances; no official cohort/selectivity evidence is recorded.,No hard CSE minimum verified,3.35,>3.5,,partial,low,Can CSE provide a written multi-year minimum-support commitment for Fall 2027? | Single-professor dependency. | Official funding evidence exists but does not prove a credible program-wide package or full scholarship. | Applicable waiver or final Fall 2027 cost is not guaranteed.,gated_out; diagnostic score only,scoreev:956f9934493fedcb|scoreev:636c72d87c868961|scoreev:e4433c49a0b44bbf|scoreev:a0e92da09b5fd502|scoreev:569f0effa8b48d58|scoreev:1b205e6d9b6f57ce,graduate_audit.evidence_scoring:v1,2026-09-10T20:10:22.746680+00:00
2.0,,50-64,us:ipeds:243780:program:phd:computer-science-phd,us:ipeds:243780,Purdue University-Main Campus,United States,us,Computer Science PhD,PhD,https://www.cs.purdue.edu/graduate/admission/steps.html,conditional,20,5,10,15,10,3,63,professor_alignment:20/30|department_program_depth:5/15|funding_net_viability:10/25|eligibility_credential_alignment:15/15|degree_admissions_alignment:10/10|application_economics:3/5,false,true,true,true,true,false,funding,1,5,true,"Applicants are automatically considered, but the program explicitly allows admission without funding",75 international / 60 domestic,USD,Insufficient evidence,Published minimums and formal eligibility do not calibrate admission chances; no official cohort/selectivity evidence is recorded.,No hard CS minimum verified,3.35,>3.5,,partial,low,Would a Fall 2027 offer include a multi-year support commitment? | Single-professor dependency. | Official funding evidence exists but does not prove a credible program-wide package or full scholarship. | Applicable waiver or final Fall 2027 cost is not guaranteed.,gated_out; diagnostic score only,scoreev:789c075ebecd7791|scoreev:f8aa58a2aae7e0fa|scoreev:b057a3ecfbb6737e|scoreev:46696b1a213650ad|scoreev:560c434aabe7fbce|scoreev:a3a556897e4b726a,graduate_audit.evidence_scoring:v1,2026-09-10T20:10:22.746680+00:00
2.0,,50-64,us:ipeds:228778:program:phd:computer-science-phd,us:ipeds:228778,The University of Texas at Austin,United States,us,Computer Science PhD,PhD,https://www.cs.utexas.edu/graduate/degrees-and-programs,conditional,20,5,10,15,10,3,63,professor_alignment:20/30|department_program_depth:5/15|funding_net_viability:10/25|eligibility_credential_alignment:15/15|degree_admissions_alignment:10/10|application_economics:3/5,false,true,true,true,true,false,funding,1,5,true,Most CS PhD students receive support for the first five years; not stated as an unconditional guarantee for every admit,90 international / 65 domestic,USD,Insufficient evidence,Published minimums and formal eligibility do not calibrate admission chances; no official cohort/selectivity evidence is recorded.,3.0/4.0,3.35,>3.5,,partial,low,Confirm that any offer contains a five-year minimum-support commitment | Single-professor dependency. | Official funding evidence exists but does not prove a credible program-wide package or full scholarship. | Applicable waiver or final Fall 2027 cost is not guaranteed.,gated_out; diagnostic score only,scoreev:5bd4b3f6775c42a3|scoreev:848abc568a99a39a|scoreev:b8c5e1d7f9a3761e|scoreev:f292514ba19f8205|scoreev:a0e9bba328fb41c3|scoreev:5cd566ca5ad3d312,graduate_audit.evidence_scoring:v1,2026-09-10T20:10:22.746680+00:00
2.0,,50-64,us:ipeds:163286:program:phd:computer-science-phd,us:ipeds:163286,University of Maryland-College Park,United States,us,Computer Science PhD,PhD,https://www.cs.umd.edu/grad/apply,conditional,20,5,10,15,10,3,63,professor_alignment:20/30|department_program_depth:5/15|funding_net_viability:10/25|eligibility_credential_alignment:15/15|degree_admissions_alignment:10/10|application_economics:3/5,false,true,true,true,true,false,funding,1,5,true,"All PhD students are funded through TA/RA subject to progress, but the official FAQ explicitly says no funding guarantee is provided in the admission offer.",75,USD,Insufficient evidence,Published minimums and formal eligibility do not calibrate admission chances; no official cohort/selectivity evidence is recorded.,3.0/4.0 Graduate School baseline,3.35,>3.5,,partial,low,"Would a Fall 2027 offer include a written multi-year tuition, stipend, health, fee, and summer commitment? | Single-professor dependency. | Official funding evidence exists but does not prove a credible program-wide package or full scholarship. | Applicable waiver or final Fall 2027 cost is not guaranteed.",gated_out; diagnostic score only,scoreev:05c61a0c4a31b003|scoreev:8414070c409c6d67|scoreev:97202368df984efc|scoreev:0df8fd5f308c6ba3|scoreev:b9268126a7d2c970|scoreev:da8880d11beace56,graduate_audit.evidence_scoring:v1,2026-09-10T20:10:22.746680+00:00
2.0,,50-64,us:ipeds:231624:program:phd:computer-science-phd,us:ipeds:231624,William & Mary,United States,us,Computer Science PhD,PhD,https://cdsp.wm.edu/admissions/graduate/computer-science/,retained,20,5,10,15,10,3,63,professor_alignment:20/30|department_program_depth:5/15|funding_net_viability:10/25|eligibility_credential_alignment:15/15|degree_admissions_alignment:10/10|application_economics:3/5,false,true,true,true,true,false,funding,1,5,true,All admitted full-time PhD and MS/PhD students receive a stipend and full tuition waiver,50,USD,Insufficient evidence,Published minimums and formal eligibility do not calibrate admission chances; no official cohort/selectivity evidence is recorded.,No hard program minimum verified,3.35,>3.5,,partial,low,How many years of support are guaranteed and are summer and health insurance included? | Single-professor dependency. | Official funding evidence exists but does not prove a credible program-wide package or full scholarship. | Applicable waiver or final Fall 2027 cost is not guaranteed.,gated_out; diagnostic score only,scoreev:cd6d1bc68b9dd773|scoreev:102a27439c96dac8|scoreev:8f11fb575bb5d116|scoreev:f2043e39b9d5299f|scoreev:3e4e5c61d7c0afe4|scoreev:70196edf232ff565,graduate_audit.evidence_scoring:v1,2026-09-10T20:10:22.746680+00:00
2.0,,50-64,us:ipeds:110644:program:phd:computer-science-phd,us:ipeds:110644,University of California-Davis,United States,us,Computer Science PhD,PhD,https://grad.ucdavis.edu/programs/gcsi,conditional,20,5,10,15,10,0,60,professor_alignment:20/30|department_program_depth:5/15|funding_net_viability:10/25|eligibility_credential_alignment:15/15|degree_admissions_alignment:10/10|application_economics:0/5,false,true,true,true,true,false,funding,1,5,true,Official international page says programs may offer first-year support but later funding is not assured,155 international / 135 domestic,USD,Insufficient evidence,Published minimums and formal eligibility do not calibrate admission chances; no official cohort/selectivity evidence is recorded.,3.0/4.0,3.35,>3.5,,partial,low,"Can the graduate group guarantee five years of tuition, stipend, health, and summer support in writing? | Single-professor dependency. | Official funding evidence exists but does not prove a credible program-wide package or full scholarship. | Fee is high or the applicable Fall 2027 amount/waiver remains unverified.",gated_out; diagnostic score only,scoreev:121f0f99d44d2a4c|scoreev:de4f8453296d6d8f|scoreev:df33dae5471c2317|scoreev:db13046d6829b50b|scoreev:b6942e6778ed0751|scoreev:c1b98f6337f31909,graduate_audit.evidence_scoring:v1,2026-09-10T20:10:22.746680+00:00
2.0,,50-64,us:ipeds:221999:program:phd:computer-science-phd,us:ipeds:221999,Vanderbilt University,United States,us,Computer Science PhD,PhD,https://computing.vanderbilt.edu/csphd/,retained,20,5,10,10,10,5,60,professor_alignment:20/30|department_program_depth:5/15|funding_net_viability:10/25|eligibility_credential_alignment:10/15|degree_admissions_alignment:10/10|application_economics:5/5,false,true,true,true,true,false,funding,1,5,true,"CS PhD students receive stipend, full tuition waiver, and health insurance; continuation depends on academic/research progress",95,USD,Insufficient evidence,Published minimums and formal eligibility do not calibrate admission chances; no official cohort/selectivity evidence is recorded.,No hard program minimum stated,3.35,>3.5,,partial,low,Confirm duration and summer-support language in the Fall 2027 offer | Single-professor dependency. | Official funding evidence exists but does not prove a credible program-wide package or full scholarship.,gated_out; diagnostic score only,scoreev:566ac432ef8f6321|scoreev:af7237e1839151da|scoreev:c38b515351ee4135|scoreev:fc775315eb764ebc|scoreev:40c2c3ecf5152f5c|scoreev:67e14f73f9c3e320,graduate_audit.evidence_scoring:v1,2026-09-10T20:10:22.746680+00:00
2.0,,50-64,us:ipeds:195003:program:phd:computing-and-information-sciences-phd,us:ipeds:195003,Rochester Institute of Technology,United States,us,Computing and Information Sciences PhD,PhD,https://www.rit.edu/study/computing-and-information-sciences-phd,conditional,20,5,10,10,10,3,58,professor_alignment:20/30|department_program_depth:5/15|funding_net_viability:10/25|eligibility_credential_alignment:10/15|degree_admissions_alignment:10/10|application_economics:3/5,false,true,true,true,true,false,funding,1,5,true,Program states PhD students typically receive full tuition plus RA stipend or TA salary; not worded as universal guarantee,65,USD,Insufficient evidence,Published minimums and formal eligibility do not calibrate admission chances; no official cohort/selectivity evidence is recorded.,3.0/4.0 typical,3.35,>3.5,,partial,low,"Confirm guaranteed package duration, health, summer, and whether the advertised openings are for Fall 2027 | Single-professor dependency. | Official funding evidence exists but does not prove a credible program-wide package or full scholarship. | Applicable waiver or final Fall 2027 cost is not guaranteed.",gated_out; diagnostic score only,scoreev:b476de2b0a852acf|scoreev:b28002cff8d1285e|scoreev:0a4e55098b740a22|scoreev:d12b81f5dd543711|scoreev:292073df3f3b871c|scoreev:e2d129ac117e990d,graduate_audit.evidence_scoring:v1,2026-09-10T20:10:22.746680+00:00
2.0,,50-64,us:ipeds:228787:program:phd:computer-science-phd,us:ipeds:228787,The University of Texas at Dallas,United States,us,Computer Science PhD,PhD,https://catalog.utdallas.edu/2026/graduate/programs/ecs/computer-science,conditional,20,5,10,10,10,3,58,professor_alignment:20/30|department_program_depth:5/15|funding_net_viability:10/25|eligibility_credential_alignment:10/15|degree_admissions_alignment:10/10|application_economics:3/5,false,true,true,true,true,false,funding,1,5,true,"FAQ says most TA decisions are associated with fall review, but no funding guarantee was located",75,USD,Insufficient evidence,Published minimums and formal eligibility do not calibrate admission chances; no official cohort/selectivity evidence is recorded.,3.5/4.0 in last 60 semester hours for BS-entry route,3.35,>3.5,,partial,low,Obtain an official last-60-hour GPA calculation and written funding terms | Single-professor dependency. | Official funding evidence exists but does not prove a credible program-wide package or full scholarship. | Applicable waiver or final Fall 2027 cost is not guaranteed.,gated_out; diagnostic score only,scoreev:049c3a874d9ed316|scoreev:2477f9a9c55e9abf|scoreev:040a2182120e728d|scoreev:0911f795b58f6123|scoreev:0e24168635d89771|scoreev:d72a837889852a30,graduate_audit.evidence_scoring:v1,2026-09-10T20:10:22.746680+00:00
2.0,,50-64,us:ipeds:110653:program:phd:software-engineering-phd,us:ipeds:110653,University of California-Irvine,United States,us,Software Engineering PhD,PhD,https://informatics.ics.uci.edu/phd-software-engineering/,conditional,20,5,10,10,10,0,55,professor_alignment:20/30|department_program_depth:5/15|funding_net_viability:10/25|eligibility_credential_alignment:10/15|degree_admissions_alignment:10/10|application_economics:0/5,false,true,true,true,true,false,funding,1,5,true,ICS states it strives to award all admitted PhD students full funding; this is not an unconditional guarantee,155 international / 135 domestic,USD,Insufficient evidence,Published minimums and formal eligibility do not calibrate admission chances; no official cohort/selectivity evidence is recorded.,3.0/4.0,3.35,>3.5,,partial,low,"Will the admission offer guarantee multi-year tuition, stipend, health, and summer support? | Single-professor dependency. | Official funding evidence exists but does not prove a credible program-wide package or full scholarship. | Fee is high or the applicable Fall 2027 amount/waiver remains unverified.",gated_out; diagnostic score only,scoreev:029cddfbf61496c8|scoreev:9cd7cc10af06e2d3|scoreev:f1ac5aef1207fbe5|scoreev:2978974f0538c593|scoreev:d87dfc8cb987bded|scoreev:03542fc8b6237a8a,graduate_audit.evidence_scoring:v1,2026-09-10T20:10:22.746680+00:00
2.0,,50-64,us:ipeds:232186:program:phd:computer-science-phd,us:ipeds:232186,George Mason University,United States,us,Computer Science PhD,PhD,https://cs.gmu.edu/academics/graduate-programs,conditional,20,5,0,15,10,3,53,professor_alignment:20/30|department_program_depth:5/15|funding_net_viability:0/25|eligibility_credential_alignment:15/15|degree_admissions_alignment:10/10|application_economics:3/5,false,true,true,true,true,false,funding,1,5,true,No independently sourced material funding claim retained,75,USD,Insufficient evidence,Published minimums and formal eligibility do not calibrate admission chances; no official cohort/selectivity evidence is recorded.,3.0/4.0 expected,3.35,>3.5,,partial,low,"Will Fall 2027 admission include guaranteed tuition, stipend, health, and duration? | Single-professor dependency. | No verified official material funding source is recorded. | Applicable waiver or final Fall 2027 cost is not guaranteed.",gated_out; diagnostic score only,scoreev:0aa11ff430e565d0|scoreev:7b41297944905d9f|scoreev:6f54bf56fdfa7e80|scoreev:c0f8cbc317cd51e8|scoreev:921605f97f1f8571|scoreev:0a99fd0c2fdcbdfd,graduate_audit.evidence_scoring:v1,2026-09-10T20:10:22.746680+00:00
2.0,,50-64,us:ipeds:209542:program:phd:computer-science-phd,us:ipeds:209542,Oregon State University,United States,us,Computer Science PhD,PhD,https://engineering.oregonstate.edu/academics/programs/computer-science/graduate,conditional,20,5,0,15,10,3,53,professor_alignment:20/30|department_program_depth:5/15|funding_net_viability:0/25|eligibility_credential_alignment:15/15|degree_admissions_alignment:10/10|application_economics:3/5,false,true,true,true,true,false,funding,1,5,true,No independently sourced material funding claim retained,85,USD,Insufficient evidence,Published minimums and formal eligibility do not calibrate admission chances; no official cohort/selectivity evidence is recorded.,3.0/4.0 Graduate School baseline,3.35,>3.5,,partial,low,"Is every admitted CS PhD guaranteed tuition, stipend, health, and a minimum duration? | Single-professor dependency. | No verified official material funding source is recorded. | Applicable waiver or final Fall 2027 cost is not guaranteed.",gated_out; diagnostic score only,scoreev:7ad428210141d55c|scoreev:d8f24262efd7bc42|scoreev:9f89e61adfe50917|scoreev:6c6d8fdd3d561eb0|scoreev:7ebcbd2b572d74dd|scoreev:d068cab6e4434020,graduate_audit.evidence_scoring:v1,2026-09-10T20:10:22.746680+00:00
2.0,,0-49,us:ipeds:139755:program:phd:computer-science-phd,us:ipeds:139755,Georgia Institute of Technology-Main Campus,United States,us,Computer Science PhD,PhD,https://www.cc.gatech.edu/degree-programs/phd-computer-science,conditional,20,5,0,10,10,0,45,professor_alignment:20/30|department_program_depth:5/15|funding_net_viability:0/25|eligibility_credential_alignment:10/15|degree_admissions_alignment:10/10|application_economics:0/5,false,true,true,true,true,false,funding,1,5,true,No independently sourced material funding claim retained,105 international / 95 domestic,USD,Insufficient evidence,Published minimums and formal eligibility do not calibrate admission chances; no official cohort/selectivity evidence is recorded.,3.0/4.0,3.35,>3.5,,partial,low,"Will a Fall 2027 CS PhD offer guarantee tuition, stipend, insurance, and duration? | Single-professor dependency. | No verified official material funding source is recorded. | Fee is high or the applicable Fall 2027 amount/waiver remains unverified.",gated_out; diagnostic score only,scoreev:12f59aa34e9c5bf5|scoreev:72fb9e5a2a73c9e4|scoreev:49d0e90e40aea022|scoreev:00aff3588cd89358|scoreev:a41adc2283eb90f9|scoreev:268be4ce2b5005e3,graduate_audit.evidence_scoring:v1,2026-09-10T20:10:22.746680+00:00
2.0,,0-49,us:ipeds:181464:program:phd:computer-science-phd,us:ipeds:181464,University of Nebraska-Lincoln,United States,us,Computer Science PhD,PhD,https://graduate.unl.edu/academics/programs/COMP-PHD/,conditional,20,5,0,5,10,3,43,professor_alignment:20/30|department_program_depth:5/15|funding_net_viability:0/25|eligibility_credential_alignment:5/15|degree_admissions_alignment:10/10|application_economics:3/5,false,true,false,true,true,false,funding|eligibility,1,5,true,No independently sourced material funding claim retained,50,USD,Eligibility concern,"Can a bachelor's-only applicant be admitted directly, and what support is guaranteed?",No hard program minimum verified,3.35,>3.5,,partial,low,"Can a bachelor's-only applicant be admitted directly, and what support is guaranteed? | Single-professor dependency. | No verified official material funding source is recorded. | Applicable waiver or final Fall 2027 cost is not guaranteed.",gated_out; diagnostic score only,scoreev:1b47d49a638b14d3|scoreev:e90ccf44dabdc3b9|scoreev:4f8d6720c70955bf|scoreev:999c25465e172b78|scoreev:9612bea5e8298326|scoreev:03cf61ceb6cca666,graduate_audit.evidence_scoring:v1,2026-09-10T20:10:22.746680+00:00
2.0,,0-49,ror:05a28rw58:program:direct-entry-phd:direct-doctorate-in-computer-science,ror:05a28rw58,ETH Zurich,Switzerland,europe,Direct Doctorate in Computer Science,Direct-entry PhD,https://inf.ethz.ch/doctorate/direct-doctorate-computer-science.html,retained,0,0,0,15,10,0,25,professor_alignment:0/30|department_program_depth:0/15|funding_net_viability:0/25|eligibility_credential_alignment:15/15|degree_admissions_alignment:10/10|application_economics:0/5,false,false,true,true,true,false,funding|professor,0,0,false,Program-level support is stated for admitted Direct Doctorate students; no individual Fall 2027 offer or supervisor capacity is confirmed.,Not verified for Fall 2027 unless stated in tuition field,Not verified in frozen evidence,Insufficient evidence,Published minimums and formal eligibility do not calibrate admission chances; no official cohort/selectivity evidence is recorded.,Not numerically stated on the program evidence used,3.35,>3.5,,partial,low,Will a Fall 2027 admission include the stated two-year support/waiver and subsequent salaried doctoral appointment? | No candidate clears every Stage 4 professor evidence gate. | No verified department depth. | No verified official material funding source is recorded. | Fee is high or the applicable Fall 2027 amount/waiver remains unverified.,gated_out; diagnostic score only,scoreev:01573775c3b7bfd1|scoreev:60d977b18a30b75e|scoreev:065ec63ea8b977eb|scoreev:51ef68c8c415f476|scoreev:5586386b010e2bdf|scoreev:dc45fc3037060430,graduate_audit.evidence_scoring:v1,2026-09-10T20:10:22.746680+00:00
2.0,,0-49,ror:02tyrky19:program:phd:phd-in-computer-science-and-statistics,ror:02tyrky19,Trinity College Dublin,Ireland,europe,PhD in Computer Science and Statistics,PhD,https://www.tcd.ie/courses/postgraduate/postgraduate-research/engineering-mathematics-and-science/school-of-computer-science-and-statistics/,conditional,0,0,0,15,10,0,25,professor_alignment:0/30|department_program_depth:0/15|funding_net_viability:0/25|eligibility_credential_alignment:15/15|degree_admissions_alignment:10/10|application_economics:0/5,false,false,true,true,true,false,funding|professor,0,0,false,No independently sourced material funding claim retained,Not verified for Fall 2027 unless stated in tuition field,Not verified in frozen evidence,Insufficient evidence,Published minimums and formal eligibility do not calibrate admission chances; no official cohort/selectivity evidence is recorded.,Not numerically stated on the program evidence used,3.35,>3.5,,partial,low,Will the school confirm a full non-EU stipend/fee award before application? | No candidate clears every Stage 4 professor evidence gate. | No verified department depth. | No verified official material funding source is recorded. | Fee is high or the applicable Fall 2027 amount/waiver remains unverified.,gated_out; diagnostic score only,scoreev:3c1e943c2a549174|scoreev:9d0396d9444d32da|scoreev:ae25158bc0f81e09|scoreev:5dd25f8e4d5742de|scoreev:e597d11830ac0a12|scoreev:150e5f19a13ddf79,graduate_audit.evidence_scoring:v1,2026-09-10T20:10:22.746680+00:00
2.0,,0-49,ca:dli:O19330231062:program:thesis-or-research-master-s:msc-in-computer-science-research,ca:dli:O19330231062,University of British Columbia,Canada,canada,MSc in Computer Science (research),Thesis or research master's,https://www.cs.ubc.ca/students/grad/admissions,retained,0,0,0,10,10,5,25,professor_alignment:0/30|department_program_depth:0/15|funding_net_viability:0/25|eligibility_credential_alignment:10/15|degree_admissions_alignment:10/10|application_economics:5/5,false,false,true,true,true,false,funding|professor,0,0,false,Guaranteed at department standard minimum for two years,168.25,CAD,Insufficient evidence,Published minimums and formal eligibility do not calibrate admission chances; no official cohort/selectivity evidence is recorded.,Country-specific UBC minimum,3.35,>3.5,,partial,low,Confirm whether the 2027-28 package preserves the year-two international net level | No candidate clears every Stage 4 professor evidence gate. | No verified department depth. | No verified official material funding source is recorded.,gated_out; diagnostic score only,scoreev:bf19484ce8e1446d|scoreev:d2c82dd20c12157b|scoreev:e9da24504e46aec1|scoreev:5b251254926ef392|scoreev:8ff196c93975b07e|scoreev:390995a9ca48229a,graduate_audit.evidence_scoring:v1,2026-09-10T20:10:22.746680+00:00
2.0,,0-49,ca:dli:O19359011007:program:thesis-or-research-master-s:master-of-computer-science-thesis,ca:dli:O19359011007,Concordia University,Canada,canada,Master of Computer Science (thesis),Thesis or research master's,https://www.concordia.ca/academics/graduate/computer-science-mcompsc.html,conditional,0,0,0,10,10,3,23,professor_alignment:0/30|department_program_depth:0/15|funding_net_viability:0/25|eligibility_credential_alignment:10/15|degree_admissions_alignment:10/10|application_economics:3/5,false,false,true,true,true,false,funding|professor,0,0,false,Generally available to most thesis students; no guaranteed numeric minimum published,100,CAD,Insufficient evidence,Published minimums and formal eligibility do not calibrate admission chances; no official cohort/selectivity evidence is recorded.,High standing; university example 3.0/4.3 equivalent,3.35,>3.5,,partial,low,Can a potential supervisor/department confirm a two-year net funding floor for an international MCompSc? | No candidate clears every Stage 4 professor evidence gate. | No verified department depth. | No verified official material funding source is recorded. | Applicable waiver or final Fall 2027 cost is not guaranteed.,gated_out; diagnostic score only,scoreev:174805f2751b8273|scoreev:d220da5c6eaf2a9b|scoreev:1ebd3032a04ac6ab|scoreev:90b205aa7ab68863|scoreev:9487c17f39fdc8f4|scoreev:47f2fa1e45ce0307,graduate_audit.evidence_scoring:v1,2026-09-10T20:10:22.746680+00:00
2.0,,0-49,ca:dli:O19359011033:program:thesis-or-research-master-s:msc-in-computer-science-thesis,ca:dli:O19359011033,McGill University,Canada,canada,MSc in Computer Science (thesis),Thesis or research master's,https://www.mcgill.ca/gradapplicants/program/computer-science-msc,conditional,0,0,0,10,10,0,20,professor_alignment:0/30|department_program_depth:0/15|funding_net_viability:0/25|eligibility_credential_alignment:10/15|degree_admissions_alignment:10/10|application_economics:0/5,false,false,true,true,true,false,funding|professor,0,0,false,"All PhD and most MSc described as funded, but no current numeric MSc minimum/guarantee located",143.82,CAD,Insufficient evidence,Published minimums and formal eligibility do not calibrate admission chances; no official cohort/selectivity evidence is recorded.,3.2/4.0 stated on program page,3.35,>3.5,,partial,low,Will an international thesis MSc offer guarantee a net amount after tuition for the full expected duration? | No candidate clears every Stage 4 professor evidence gate. | No verified department depth. | No verified official material funding source is recorded. | Fee is high or the applicable Fall 2027 amount/waiver remains unverified.,gated_out; diagnostic score only,scoreev:754905dc4272a499|scoreev:ae5037c125fdeca0|scoreev:3afe3691f33d757c|scoreev:6b9608d9d5acb266|scoreev:5195b27d9f8f77b8|scoreev:d356a10ec481406a,graduate_audit.evidence_scoring:v1,2026-09-10T20:10:22.746680+00:00
2.0,,0-49,ca:dli:O19376023352:program:thesis-or-research-master-s:msc-in-computing-research-pattern,ca:dli:O19376023352,Queen’s University,Canada,canada,MSc in Computing (research pattern),Thesis or research master's,https://www.cs.queensu.ca/graduate/msc/patterns/research.php,retained,0,0,0,10,10,0,20,professor_alignment:0/30|department_program_depth:0/15|funding_net_viability:0/25|eligibility_credential_alignment:10/15|degree_admissions_alignment:10/10|application_economics:0/5,false,false,true,true,true,false,funding|professor,0,0,false,"Guaranteed minimum for research MSc, subject to duration and satisfactory progress",120,CAD,Insufficient evidence,Published minimums and formal eligibility do not calibrate admission chances; no official cohort/selectivity evidence is recorded.,International applicants: minimum A standing / first class on 2027-28 admissions page,3.35,>3.5,,partial,low,Only reconsider if Queen's confirms the transcript meets its A-standing equivalency despite the cumulative GPA | No candidate clears every Stage 4 professor evidence gate. | No verified department depth. | No verified official material funding source is recorded. | Fee is high or the applicable Fall 2027 amount/waiver remains unverified.,gated_out; diagnostic score only,scoreev:c89fa1211db1032e|scoreev:f28f341072f51c1c|scoreev:d8de0a884f23235d|scoreev:8e565e34ecbe98fa|scoreev:641450412f599a88|scoreev:d6cfb56a19baa110,graduate_audit.evidence_scoring:v1,2026-09-10T20:10:22.746680+00:00
2.0,,0-49,ror:01jdpyv68:program:integrated-or-structured-doctorate:saarbr-cken-graduate-school-of-computer-science,ror:01jdpyv68,Saarland University,Germany,europe,Saarbrücken Graduate School of Computer Science,Integrated or structured doctorate,https://www.uni-saarland.de/en/future/computerscience.html,conditional,0,0,0,10,10,0,20,professor_alignment:0/30|department_program_depth:0/15|funding_net_viability:0/25|eligibility_credential_alignment:10/15|degree_admissions_alignment:10/10|application_economics:0/5,false,false,true,true,true,false,funding|professor,0,0,false,No independently sourced material funding claim retained,Not verified for Fall 2027 unless stated in tuition field,Not verified in frozen evidence,Insufficient evidence,Published minimums and formal eligibility do not calibrate admission chances; no official cohort/selectivity evidence is recorded.,Not numerically stated on the program evidence used,3.35,>3.5,,partial,low,"What additional stipend, insurance, and fee coverage is guaranteed for 2027? | No candidate clears every Stage 4 professor evidence gate. | No verified department depth. | No verified official material funding source is recorded. | Fee is high or the applicable Fall 2027 amount/waiver remains unverified.",gated_out; diagnostic score only,scoreev:1cf4d3cd851faad2|scoreev:60ea6c9ad5551702|scoreev:ae9fccc128a53be0|scoreev:d7efe9c94cc453c0|scoreev:293156acb560cf50|scoreev:b43aa0c9414a5879,graduate_audit.evidence_scoring:v1,2026-09-10T20:10:22.746680+00:00
2.0,,0-49,ror:02jx3x895:program:integrated-or-structured-doctorate:computer-science-mphil-phd,ror:02jx3x895,University College London,United Kingdom,europe,Computer Science MPhil/PhD,Integrated or structured doctorate,https://www.ucl.ac.uk/study/prospective-students/graduate/courses/computer-science-mphilphd,conditional,0,0,0,10,10,0,20,professor_alignment:0/30|department_program_depth:0/15|funding_net_viability:0/25|eligibility_credential_alignment:10/15|degree_admissions_alignment:10/10|application_economics:0/5,false,false,true,true,true,false,funding|professor,0,0,false,No independently sourced material funding claim retained,Not verified for Fall 2027 unless stated in tuition field,Not verified in frozen evidence,Insufficient evidence,Published minimums and formal eligibility do not calibrate admission chances; no official cohort/selectivity evidence is recorded.,Not numerically stated on the program evidence used,3.35,>3.5,,partial,low,Is there an overseas-fee-covering studentship tied to software engineering/LLM reliability? | No candidate clears every Stage 4 professor evidence gate. | No verified department depth. | No verified official material funding source is recorded. | Fee is high or the applicable Fall 2027 amount/waiver remains unverified.,gated_out; diagnostic score only,scoreev:31cdf4b70603e768|scoreev:cb05d18f7213af4b|scoreev:cba4983d06028e23|scoreev:c661529d3ff5f807|scoreev:2664facdb156b35d|scoreev:8336e2cbdb327399,graduate_audit.evidence_scoring:v1,2026-09-10T20:10:22.746680+00:00
2.0,,0-49,ca:dli:O19257171832:program:thesis-or-research-master-s:msc-in-computing-science-thesis,ca:dli:O19257171832,University of Alberta,Canada,canada,MSc in Computing Science (thesis),Thesis or research master's,https://www.ualberta.ca/en/admissions/media-library/ua_viewbook_graduate-studies_2026-27_web.pdf,conditional,0,0,0,10,10,0,20,professor_alignment:0/30|department_program_depth:0/15|funding_net_viability:0/25|eligibility_credential_alignment:10/15|degree_admissions_alignment:10/10|application_economics:0/5,false,false,true,true,true,false,funding|professor,0,0,false,No independently sourced material funding claim retained,135,CAD,Insufficient evidence,Published minimums and formal eligibility do not calibrate admission chances; no official cohort/selectivity evidence is recorded.,3.0/4.0 general graduate minimum; department-specific current page not captured,3.35,>3.5,,partial,low,Ask csapplygrad@ualberta.ca for Fall 2027 deadline and guaranteed MSc funding after tuition/fees | No candidate clears every Stage 4 professor evidence gate. | No verified department depth. | No verified official material funding source is recorded. | Fee is high or the applicable Fall 2027 amount/waiver remains unverified.,gated_out; diagnostic score only,scoreev:9b173cb50f3b0a30|scoreev:10f82bf9e5dbbe25|scoreev:633a6d772bfc7f67|scoreev:d6b933bfeb806079|scoreev:989f69379402182f|scoreev:628f6404769f297d,graduate_audit.evidence_scoring:v1,2026-09-10T20:10:22.746680+00:00
2.0,,0-49,ca:dli:O18886830282:program:thesis-or-research-master-s:msc-in-computer-science-thesis,ca:dli:O18886830282,University of Calgary,Canada,canada,MSc in Computer Science (thesis),Thesis or research master's,https://science.ucalgary.ca/computer-science/future-students/graduate/thesis-programs/masters-thesis-based,retained,0,0,0,15,5,0,20,professor_alignment:0/30|department_program_depth:0/15|funding_net_viability:0/25|eligibility_credential_alignment:15/15|degree_admissions_alignment:5/10|application_economics:0/5,false,false,true,true,true,false,funding|professor,0,0,false,Guaranteed department minimum for two years,145,CAD,Insufficient evidence,Published minimums and formal eligibility do not calibrate admission chances; no official cohort/selectivity evidence is recorded.,3.0/4.0 over last two years,3.35,>3.5,,partial,low,"Confirm net annual amount after all tuition, mandatory fees and health insurance | No candidate clears every Stage 4 professor evidence gate. | No verified department depth. | No verified official material funding source is recorded. | Fee is high or the applicable Fall 2027 amount/waiver remains unverified.",gated_out; diagnostic score only,scoreev:521ddf534d936917|scoreev:8b862075890c34bb|scoreev:91ac5d7bf45d9e1b|scoreev:e6f3115e8d600794|scoreev:717001b5fd1ce42e|scoreev:360723e07174bd85,graduate_audit.evidence_scoring:v1,2026-09-10T20:10:22.746680+00:00
2.0,,0-49,ror:013meh722:program:phd:phd-in-computer-science,ror:013meh722,University of Cambridge,United Kingdom,europe,PhD in Computer Science,PhD,https://www.cst.cam.ac.uk/admissions/phd,conditional,0,0,0,10,10,0,20,professor_alignment:0/30|department_program_depth:0/15|funding_net_viability:0/25|eligibility_credential_alignment:10/15|degree_admissions_alignment:10/10|application_economics:0/5,false,false,true,true,true,false,funding|professor,0,0,false,No independently sourced material funding claim retained,Not verified for Fall 2027 unless stated in tuition field,Not verified in frozen evidence,Insufficient evidence,Published minimums and formal eligibility do not calibrate admission chances; no official cohort/selectivity evidence is recorded.,Not numerically stated on the program evidence used,3.35,>3.5,,partial,low,Which 2027 studentship covers full overseas fees plus stipend? | No candidate clears every Stage 4 professor evidence gate. | No verified department depth. | No verified official material funding source is recorded. | Fee is high or the applicable Fall 2027 amount/waiver remains unverified.,gated_out; diagnostic score only,scoreev:c7fc2cd4d228a81a|scoreev:95f23441c47ad572|scoreev:0e7c7d93ccab154c|scoreev:49211de858b57b99|scoreev:cc1e39255701c36a|scoreev:91d3587714f87bb3,graduate_audit.evidence_scoring:v1,2026-09-10T20:10:22.746680+00:00
2.0,,0-49,ror:01nrxwf90:program:phd:phd-informatics,ror:01nrxwf90,University of Edinburgh,United Kingdom,europe,PhD Informatics,PhD,https://informatics.ed.ac.uk/study-with-us/our-degrees/postgraduate-research-and-cdts/research-degrees,conditional,0,0,0,10,10,0,20,professor_alignment:0/30|department_program_depth:0/15|funding_net_viability:0/25|eligibility_credential_alignment:10/15|degree_admissions_alignment:10/10|application_economics:0/5,false,false,true,true,true,false,funding|professor,0,0,false,No Fall 2027 award confirmed,Not verified for Fall 2027 unless stated in tuition field,Not verified in frozen evidence,Insufficient evidence,Published minimums and formal eligibility do not calibrate admission chances; no official cohort/selectivity evidence is recorded.,Not numerically stated on the program evidence used,3.35,>3.5,,partial,low,"Will a 2027 award cover GBP 34,800+ overseas fees and full stipend? | No candidate clears every Stage 4 professor evidence gate. | No verified department depth. | No verified official material funding source is recorded. | Fee is high or the applicable Fall 2027 amount/waiver remains unverified.",gated_out; diagnostic score only,scoreev:a59cd14363db1eeb|scoreev:cf60b10846a1e726|scoreev:a827b02c149c0462|scoreev:730fd109f2ddd6f5|scoreev:9055a04804bbe145|scoreev:d490226e057ed6b6,graduate_audit.evidence_scoring:v1,2026-09-10T20:10:22.746680+00:00
2.0,,0-49,ror:052gg0110:program:phd:dphil-in-computer-science,ror:052gg0110,University of Oxford,United Kingdom,europe,DPhil in Computer Science,PhD,https://www.ox.ac.uk/admissions/graduate/courses/dphil-computer-science,conditional,0,0,0,10,10,0,20,professor_alignment:0/30|department_program_depth:0/15|funding_net_viability:0/25|eligibility_credential_alignment:10/15|degree_admissions_alignment:10/10|application_economics:0/5,false,false,true,true,true,false,funding|professor,0,0,false,No independently sourced material funding claim retained,Not verified for Fall 2027 unless stated in tuition field,Not verified in frozen evidence,Insufficient evidence,Published minimums and formal eligibility do not calibrate admission chances; no official cohort/selectivity evidence is recorded.,Not numerically stated on the program evidence used,3.35,>3.5,,partial,low,Which official 2027 deadline guarantees consideration for overseas-fee-plus-stipend funding? | No candidate clears every Stage 4 professor evidence gate. | No verified department depth. | No verified official material funding source is recorded. | Fee is high or the applicable Fall 2027 amount/waiver remains unverified.,gated_out; diagnostic score only,scoreev:7ca1b88d7c8d6aef|scoreev:e63535704c7f5100|scoreev:6094d9aae67cd002|scoreev:07bab5106b7a31d0|scoreev:ba16fe466c70e48e|scoreev:80a4c9b8f7a2550a,graduate_audit.evidence_scoring:v1,2026-09-10T20:10:22.746680+00:00
2.0,,0-49,ca:dli:O19425660421:program:thesis-or-research-master-s:msc-in-computer-science-thesis,ca:dli:O19425660421,University of Saskatchewan,Canada,canada,MSc in Computer Science (thesis),Thesis or research master's,https://grad.usask.ca/programs/computer-science.php,conditional,0,0,0,10,10,0,20,professor_alignment:0/30|department_program_depth:0/15|funding_net_viability:0/25|eligibility_credential_alignment:10/15|degree_admissions_alignment:10/10|application_economics:0/5,false,false,true,true,true,false,funding|professor,0,0,false,Normally funded for full expected 20 months; automatic consideration,145,CAD,Insufficient evidence,Published minimums and formal eligibility do not calibrate admission chances; no official cohort/selectivity evidence is recorded.,70% USask equivalent over last two years,3.35,>3.5,,partial,low,Confirm which funding-source GPA condition would apply to this offer and the 2027-28 fee amount | No candidate clears every Stage 4 professor evidence gate. | No verified department depth. | No verified official material funding source is recorded. | Fee is high or the applicable Fall 2027 amount/waiver remains unverified.,gated_out; diagnostic score only,scoreev:fa30351583920bb8|scoreev:31f675cc1be55cbd|scoreev:f3f78f589015fe8b|scoreev:cb8f368714e184c9|scoreev:0fbf3d9ecc5dfe7f|scoreev:f851868bb929d6c7,graduate_audit.evidence_scoring:v1,2026-09-10T20:10:22.746680+00:00
2.0,,0-49,ca:dli:O19332746152:program:direct-entry-phd:phd-in-computer-science-phd-u,ca:dli:O19332746152,University of Toronto,Canada,canada,PhD in Computer Science (PhD U),Direct-entry PhD,https://web.cs.toronto.edu/graduate/faq,retained,0,0,0,10,10,0,20,professor_alignment:0/30|department_program_depth:0/15|funding_net_viability:0/25|eligibility_credential_alignment:10/15|degree_admissions_alignment:10/10|application_economics:0/5,false,false,true,true,true,false,funding|professor,0,0,false,"Guaranteed full-time research-stream funding; enhanced package targets $39,500 take-home",130,CAD,Insufficient evidence,Published minimums and formal eligibility do not calibrate admission chances; no official cohort/selectivity evidence is recorded.,SGS minimum plus department competitiveness; exact PhD-U threshold not captured on current page,3.35,>3.5,,partial,low,Recheck deadline immediately after the Fall 2027 application opens in October 2026 | No candidate clears every Stage 4 professor evidence gate. | No verified department depth. | No verified official material funding source is recorded. | Fee is high or the applicable Fall 2027 amount/waiver remains unverified.,gated_out; diagnostic score only,scoreev:1cc3d4ae7ef1d75f|scoreev:942f0497ddffba26|scoreev:a0b2cf172ea9a01c|scoreev:67939d2ea0d3eec3|scoreev:4292ea24c3ea22e3|scoreev:14ca6690402eeb11,graduate_audit.evidence_scoring:v1,2026-09-10T20:10:22.746680+00:00
2.0,,0-49,ca:dli:O19280533442:program:thesis-or-research-master-s:msc-in-computer-science-thesis,ca:dli:O19280533442,University of Victoria,Canada,canada,MSc in Computer Science (thesis),Thesis or research master's,https://www.uvic.ca/ecs/computerscience/programs/msc/index.php,conditional,0,0,0,10,10,0,20,professor_alignment:0/30|department_program_depth:0/15|funding_net_viability:0/25|eligibility_credential_alignment:10/15|degree_admissions_alignment:10/10|application_economics:0/5,false,false,true,true,true,false,funding|professor,0,0,false,Automatic consideration and offer normally includes funding; no universal numeric minimum/guarantee found,183,CAD,Insufficient evidence,Published minimums and formal eligibility do not calibrate admission chances; no official cohort/selectivity evidence is recorded.,B average over last two years (central minimum),3.35,>3.5,,partial,low,Can the department or prospective supervisor confirm a two-year net minimum for an international thesis MSc? | No candidate clears every Stage 4 professor evidence gate. | No verified department depth. | No verified official material funding source is recorded. | Fee is high or the applicable Fall 2027 amount/waiver remains unverified.,gated_out; diagnostic score only,scoreev:e110c1dff9652c8d|scoreev:2329e87d4c6d802f|scoreev:ffef2e378df6dd02|scoreev:0ec0a425250176bd|scoreev:d9b0d108158607b9|scoreev:af2d0ffb26798c82,graduate_audit.evidence_scoring:v1,2026-09-10T20:10:22.746680+00:00
2.0,,0-49,ca:dli:O19305471522:program:thesis-or-research-master-s:mmath-in-computer-science-thesis,ca:dli:O19305471522,University of Waterloo,Canada,canada,MMath in Computer Science (thesis),Thesis or research master's,https://uwaterloo.ca/future-graduate-students/programs/by-faculty/math/computer-science-master-math-mmath,retained,0,0,0,10,10,0,20,professor_alignment:0/30|department_program_depth:0/15|funding_net_viability:0/25|eligibility_credential_alignment:10/15|degree_admissions_alignment:10/10|application_economics:0/5,false,false,true,true,true,false,funding|professor,0,0,false,Guaranteed package for full-time MMath within program time limits,150,CAD,Insufficient evidence,Published minimums and formal eligibility do not calibrate admission chances; no official cohort/selectivity evidence is recorded.,78% standing,3.35,>3.5,,partial,low,Ask graduate admissions how the applicant's US transcript is converted and confirm Fall 2027 net funding | No candidate clears every Stage 4 professor evidence gate. | No verified department depth. | No verified official material funding source is recorded. | Fee is high or the applicable Fall 2027 amount/waiver remains unverified.,gated_out; diagnostic score only,scoreev:c0be2932db3c808f|scoreev:f383d33fe83308e9|scoreev:a2236d6d5a03f064|scoreev:70548a9d8fbf0fd3|scoreev:d5e69055dba7ed35|scoreev:ef7573b87b0f65c4,graduate_audit.evidence_scoring:v1,2026-09-10T20:10:22.746680+00:00
2.0,,0-49,ca:dli:O19330231062:program:integrated-or-structured-doctorate:phd-track-via-msc,ca:dli:O19330231062,University of British Columbia,Canada,canada,PhD Track via MSc,Integrated or structured doctorate,https://www.cs.ubc.ca/students/grad/admissions/eligibility,retained,0,0,0,10,5,3,18,professor_alignment:0/30|department_program_depth:0/15|funding_net_viability:0/25|eligibility_credential_alignment:10/15|degree_admissions_alignment:5/10|application_economics:3/5,false,false,true,true,true,false,funding|professor,0,0,false,Guaranteed at applicable MSc/PhD standard minimums,168.25,CAD,Insufficient evidence,Published minimums and formal eligibility do not calibrate admission chances; no official cohort/selectivity evidence is recorded.,Country-specific UBC minimum; selection is exceptional,3.35,>3.5,,partial,low,Whether the applicant should signal PhD Track interest and how selection occurs for Fall 2027 | No candidate clears every Stage 4 professor evidence gate. | No verified department depth. | No verified official material funding source is recorded. | Applicable waiver or final Fall 2027 cost is not guaranteed.,gated_out; diagnostic score only,scoreev:2e45be53cd2dc3c3|scoreev:8f2ab275f435a240|scoreev:a6286f814e51df25|scoreev:7d63b1b6deb8208e|scoreev:3437e5b7f77b29c2|scoreev:eb4dfe9a0d687f4a,graduate_audit.evidence_scoring:v1,2026-09-10T20:10:22.746680+00:00
2.0,,0-49,ca:dli:O19305471522:program:direct-entry-phd:phd-in-computer-science-direct-from-bachelor-s-exception,ca:dli:O19305471522,University of Waterloo,Canada,canada,PhD in Computer Science (direct from bachelor's exception),Direct-entry PhD,https://uwaterloo.ca/computer-science/future-graduate-students/programs,retained,0,0,0,10,5,0,15,professor_alignment:0/30|department_program_depth:0/15|funding_net_viability:0/25|eligibility_credential_alignment:10/15|degree_admissions_alignment:5/10|application_economics:0/5,false,false,true,true,true,false,funding|professor,0,0,false,Guaranteed full-time PhD package within time limits,150,CAD,Insufficient evidence,Published minimums and formal eligibility do not calibrate admission chances; no official cohort/selectivity evidence is recorded.,Not separately stated on route summary,3.35,>3.5,,partial,low,Would the department encourage PhD direct entry or the MMath route for this profile? | No candidate clears every Stage 4 professor evidence gate. | No verified department depth. | No verified official material funding source is recorded. | Fee is high or the applicable Fall 2027 amount/waiver remains unverified.,gated_out; diagnostic score only,scoreev:2a2879e4c5a824d0|scoreev:c8874384f88cdadd|scoreev:877ef1d659709061|scoreev:baf59131189b9f59|scoreev:576527cd5fb97240|scoreev:853ecbde153b458c,graduate_audit.evidence_scoring:v1,2026-09-10T20:10:22.746680+00:00
2.0,,0-49,ca:dli:O18886830282:program:direct-entry-phd:phd-in-computer-science-without-completed-msc,ca:dli:O18886830282,University of Calgary,Canada,canada,PhD in Computer Science (without completed MSc),Direct-entry PhD,https://science.ucalgary.ca/computer-science/future-students/graduate/thesis-programs/doctoral-thesis-based,conditional,0,0,0,5,5,0,10,professor_alignment:0/30|department_program_depth:0/15|funding_net_viability:0/25|eligibility_credential_alignment:5/15|degree_admissions_alignment:5/10|application_economics:0/5,false,false,false,true,true,false,funding|professor|eligibility,0,0,false,"Guaranteed department minimum for four years; direct-from-bachelor expected time is five years, leaving a duration gap",145,CAD,Eligibility concern,"Will Calgary admit an external bachelor's holder directly, cover year five, and state the net amount after tuition and fees?",3.0/4.0 over last two years (central/department minimum),3.35,>3.5,,partial,low,"Will Calgary admit an external bachelor's holder directly, cover year five, and state the net amount after tuition and fees? | No candidate clears every Stage 4 professor evidence gate. | No verified department depth. | No verified official material funding source is recorded. | Fee is high or the applicable Fall 2027 amount/waiver remains unverified.",gated_out; diagnostic score only,scoreev:ff6eac3baf6c71af|scoreev:9e8995dadd75ace0|scoreev:c9e26a884b0f1369|scoreev:f049c27570f5ae07|scoreev:bfdf4df9b1b47e45|scoreev:97fb87dbbe5ba63c,graduate_audit.evidence_scoring:v1,2026-09-10T20:10:22.746680+00:00
