institution_id,institution_name,alternate_names,country,region,institution_type,recognition_status,active_status,official_website,source_database,dataset_release,access_date,graduate_degree_authority,relevant_graduate_field_signal,screening_status,exclusion_reason,ror_id,ipeds_unitid,eter_id,dli_number,manual_verification,notes
ca:dli:O18760756062,Alberta University of the Arts,Alberta University of the Arts,Canada,Canada — Alberta,Public institution,CICIC Recognized (Public university),current,https://www.auarts.ca,IRCC DLI + CICIC live directory + ROR v2 cross-reference,IRCC page modified 2026-09-01; CICIC live directory; ROR API v2,2026-09-09,Verified by IRCC public-DLI graduate-program flag (master's/doctorate degree programs),Negative specialty/title screen; a manual catalog audit is still recommended.,no_relevant_graduate_field,Official institutional scope is art and design; no computing research graduate degree identified.,https://ror.org/00mn36586,,,O18760756062,Complete for federal graduate-DLI flag; required for unresolved name/program screens,Collapsed 1 IRCC campus rows. Cities: Calgary. CICIC match score=1.000; ROR match score=1.000.
ca:dli:O19092373272,Athabasca University,Athabasca University,Canada,Canada — Alberta,Public institution,CICIC Recognized (Public university),current,https://www.athabascau.ca,IRCC DLI + CICIC live directory + ROR v2 cross-reference,IRCC page modified 2026-09-01; CICIC live directory; ROR API v2,2026-09-09,Verified by IRCC public-DLI graduate-program flag (master's/doctorate degree programs),No verified positive research-program signal in this bounded mechanical pass; no negative conclusion drawn.,indexed,,https://ror.org/01y3xgc52,,,O19092373272,Complete for federal graduate-DLI flag; required for unresolved name/program screens,Collapsed 2 IRCC campus rows. Cities: Athabasca | Edmonton. CICIC match score=1.000; ROR match score=1.000.
ca:dli:O19073475522,Concordia University of Edmonton,Concordia University of Edmonton,Canada,Canada — Alberta,Public institution,CICIC Authorized (Non-profit university),current,https://concordia.ab.ca/,IRCC DLI + CICIC live directory + ROR v2 cross-reference,IRCC page modified 2026-09-01; CICIC live directory; ROR API v2,2026-09-09,Verified by IRCC public-DLI graduate-program flag (master's/doctorate degree programs),No verified positive research-program signal in this bounded mechanical pass; no negative conclusion drawn.,indexed,,https://ror.org/04013rx15,,,O19073475522,Complete for federal graduate-DLI flag; required for unresolved name/program screens,Collapsed 1 IRCC campus rows. Cities: Edmonton. CICIC match score=0.889; ROR match score=1.000.
ca:dli:O18713227822,Olds College,Olds College,Canada,Canada — Alberta,Public institution,Current IRCC public graduate DLI; exact CICIC name match unresolved,current,https://www.oldscollege.ca,IRCC DLI + CICIC live directory + ROR v2 cross-reference,IRCC page modified 2026-09-01; CICIC live directory; ROR API v2,2026-09-09,Verified by IRCC public-DLI graduate-program flag (master's/doctorate degree programs),No verified positive research-program signal in this bounded mechanical pass; no negative conclusion drawn.,indexed,,https://ror.org/04rxjcv17,,,O18713227822,Complete for federal graduate-DLI flag; required for unresolved name/program screens,Collapsed 3 IRCC campus rows. Cities: Calgary | Edmonton | Olds. CICIC match score=0.643; ROR match score=1.000.
ca:dli:O19257171832,University of Alberta,University of Alberta,Canada,Canada — Alberta,Public institution,CICIC Recognized (Public university),current,https://www.ualberta.ca,IRCC DLI + CICIC live directory + ROR v2 cross-reference,IRCC page modified 2026-09-01; CICIC live directory; ROR API v2,2026-09-09,Verified by IRCC public-DLI graduate-program flag (master's/doctorate degree programs),"Relevant program seed found, but the official page was blocked or lacked the required mechanical signals.",indexed,,https://ror.org/0160cpw27,,,O19257171832,Complete for federal graduate-DLI flag; required for unresolved name/program screens,Collapsed 2 IRCC campus rows. Cities: Camrose | Edmonton. CICIC match score=1.000; ROR match score=1.000.
ca:dli:O18886830282,University of Calgary,University of Calgary,Canada,Canada — Alberta,Public institution,CICIC Recognized (Public university),current,https://www.ucalgary.ca,IRCC DLI + CICIC live directory + ROR v2 cross-reference,IRCC page modified 2026-09-01; CICIC live directory; ROR API v2,2026-09-09,Verified by IRCC public-DLI graduate-program flag (master's/doctorate degree programs),Official page verifies a research/thesis route: MSc in Computer Science (thesis).,preliminary_fit,,https://ror.org/03yjb2x39,,,O18886830282,Complete for federal graduate-DLI flag; required for unresolved name/program screens,Collapsed 1 IRCC campus rows. Cities: Calgary. CICIC match score=1.000; ROR match score=1.000.
ca:dli:O18776949622,University of Lethbridge,University of Lethbridge,Canada,Canada — Alberta,Public institution,CICIC Recognized (Public university),current,https://www.ulethbridge.ca,IRCC DLI + CICIC live directory + ROR v2 cross-reference,IRCC page modified 2026-09-01; CICIC live directory; ROR API v2,2026-09-09,Verified by IRCC public-DLI graduate-program flag (master's/doctorate degree programs),Official page verifies a research/thesis route: MSc in Computer Science.,preliminary_fit,,https://ror.org/044j76961,,,O18776949622,Complete for federal graduate-DLI flag; required for unresolved name/program screens,Collapsed 2 IRCC campus rows. Cities: Calgary | Lethbridge. CICIC match score=1.000; ROR match score=1.000.
ca:dli:O19330128542,British Columbia Institute of Technology,British Columbia Institute of Technology,Canada,Canada — British Columbia,Public institution,Current IRCC public graduate DLI; exact CICIC name match unresolved,current,,IRCC DLI + CICIC live directory + ROR v2 cross-reference,IRCC page modified 2026-09-01; CICIC live directory; ROR API v2,2026-09-09,Verified by IRCC public-DLI graduate-program flag (master's/doctorate degree programs),No verified positive research-program signal in this bounded mechanical pass; no negative conclusion drawn.,indexed,,,,,O19330128542,Complete for federal graduate-DLI flag; required for unresolved name/program screens,"Collapsed 1 IRCC campus rows. Cities: Burnaby, North Vancouver, Richmond, Vancouver. CICIC match score=0.694; ROR match score=0.700."
ca:dli:O19361259712,Emily Carr University of Art and Design,Emily Carr University of Art and Design,Canada,Canada — British Columbia,Public institution,CICIC Recognized (Public university),current,,IRCC DLI + CICIC live directory + ROR v2 cross-reference,IRCC page modified 2026-09-01; CICIC live directory; ROR API v2,2026-09-09,Verified by IRCC public-DLI graduate-program flag (master's/doctorate degree programs),Negative specialty/title screen; a manual catalog audit is still recommended.,no_relevant_graduate_field,Official institutional scope is art and design; no computing research graduate degree identified.,,,,O19361259712,Complete for federal graduate-DLI flag; required for unresolved name/program screens,Collapsed 1 IRCC campus rows. Cities: Vancouver. CICIC match score=1.000; ROR match score=0.646.
ca:dli:O19330635812,Royal Roads University,Royal Roads University,Canada,Canada — British Columbia,Public institution,CICIC Recognized (Public university),current,https://www.royalroads.ca,IRCC DLI + CICIC live directory + ROR v2 cross-reference,IRCC page modified 2026-09-01; CICIC live directory; ROR API v2,2026-09-09,Verified by IRCC public-DLI graduate-program flag (master's/doctorate degree programs),No verified positive research-program signal in this bounded mechanical pass; no negative conclusion drawn.,indexed,,https://ror.org/05w4ste42,,,O19330635812,Complete for federal graduate-DLI flag; required for unresolved name/program screens,Collapsed 1 IRCC campus rows. Cities: Victoria. CICIC match score=1.000; ROR match score=1.000.
ca:dli:O18781994282,Simon Fraser University,Simon Fraser University (SFU),Canada,Canada — British Columbia,Public institution,CICIC Recognized (Public university),current,,IRCC DLI + CICIC live directory + ROR v2 cross-reference,IRCC page modified 2026-09-01; CICIC live directory; ROR API v2,2026-09-09,Verified by IRCC public-DLI graduate-program flag (master's/doctorate degree programs),"Relevant program seed found, but the official page was blocked or lacked the required mechanical signals.",indexed,,,,,O18781994282,Complete for federal graduate-DLI flag; required for unresolved name/program screens,"Collapsed 1 IRCC campus rows. Cities: Burnaby, Surrey, Vancouver. CICIC match score=1.000; ROR match score=0.762."
ca:dli:O19395299610,Thompson Rivers University,Thompson Rivers University,Canada,Canada — British Columbia,Public institution,CICIC Recognized (Public university),current,,IRCC DLI + CICIC live directory + ROR v2 cross-reference,IRCC page modified 2026-09-01; CICIC live directory; ROR API v2,2026-09-09,Verified by IRCC public-DLI graduate-program flag (master's/doctorate degree programs),No verified positive research-program signal in this bounded mechanical pass; no negative conclusion drawn.,indexed,,,,,O19395299610,Complete for federal graduate-DLI flag; required for unresolved name/program screens,"Collapsed 1 IRCC campus rows. Cities: Kamloops, Williams Lake. CICIC match score=1.000; ROR match score=0.711."
ca:dli:O19330231062,University of British Columbia,University of British Columbia (UBC),Canada,Canada — British Columbia,Public institution,CICIC Recognized (Public university),current,https://www.ubc.ca/,IRCC DLI + CICIC live directory + ROR v2 cross-reference,IRCC page modified 2026-09-01; CICIC live directory; ROR API v2,2026-09-09,Verified by IRCC public-DLI graduate-program flag (master's/doctorate degree programs),Official page verifies a research/thesis route: MSc in Computer Science.,preliminary_fit,,https://ror.org/03rmrcq20,,,O19330231062,Complete for federal graduate-DLI flag; required for unresolved name/program screens,"Collapsed 1 IRCC campus rows. Cities: Kelowna, Vancouver. CICIC match score=1.000; ROR match score=1.000."
ca:dli:O19283889692,University of Northern British Columbia,University of Northern British Columbia,Canada,Canada — British Columbia,Public institution,CICIC Recognized (Public university),current,https://www.unbc.ca,IRCC DLI + CICIC live directory + ROR v2 cross-reference,IRCC page modified 2026-09-01; CICIC live directory; ROR API v2,2026-09-09,Verified by IRCC public-DLI graduate-program flag (master's/doctorate degree programs),"Relevant program seed found, but the official page was blocked or lacked the required mechanical signals.",indexed,,https://ror.org/025wzwv46,,,O19283889692,Complete for federal graduate-DLI flag; required for unresolved name/program screens,"Collapsed 1 IRCC campus rows. Cities: Fort St. John, Prince George, Quesnel, Terrace. CICIC match score=1.000; ROR match score=1.000."
ca:dli:O19395299642,University of the Fraser Valley,University of the Fraser Valley,Canada,Canada — British Columbia,Public institution,CICIC Recognized (Public university),current,,IRCC DLI + CICIC live directory + ROR v2 cross-reference,IRCC page modified 2026-09-01; CICIC live directory; ROR API v2,2026-09-09,Verified by IRCC public-DLI graduate-program flag (master's/doctorate degree programs),No verified positive research-program signal in this bounded mechanical pass; no negative conclusion drawn.,indexed,,,,,O19395299642,Complete for federal graduate-DLI flag; required for unresolved name/program screens,"Collapsed 1 IRCC campus rows. Cities: Abbotsford, Chilliwack, Hope, Mission. CICIC match score=1.000; ROR match score=0.750."
ca:dli:O19280533442,University of Victoria,University of Victoria,Canada,Canada — British Columbia,Public institution,CICIC Recognized (Public university),current,https://www.uvic.ca,IRCC DLI + CICIC live directory + ROR v2 cross-reference,IRCC page modified 2026-09-01; CICIC live directory; ROR API v2,2026-09-09,Verified by IRCC public-DLI graduate-program flag (master's/doctorate degree programs),Official page verifies a research/thesis route: MSc in Computer Science.,preliminary_fit,,https://ror.org/04s5mat29,,,O19280533442,Complete for federal graduate-DLI flag; required for unresolved name/program screens,Collapsed 1 IRCC campus rows. Cities: Victoria. CICIC match score=1.000; ROR match score=1.000.
ca:dli:O19395299688,Vancouver Island University,Vancouver Island University,Canada,Canada — British Columbia,Public institution,CICIC Recognized (Public university),current,,IRCC DLI + CICIC live directory + ROR v2 cross-reference,IRCC page modified 2026-09-01; CICIC live directory; ROR API v2,2026-09-09,Verified by IRCC public-DLI graduate-program flag (master's/doctorate degree programs),No verified positive research-program signal in this bounded mechanical pass; no negative conclusion drawn.,indexed,,,,,O19395299688,Complete for federal graduate-DLI flag; required for unresolved name/program screens,"Collapsed 1 IRCC campus rows. Cities: Duncan, Nanaimo, Parksville, Powell River. CICIC match score=1.000; ROR match score=0.723."
ca:dli:O19201298932,Brandon University,Brandon University,Canada,Canada — Manitoba,Public institution,CICIC Recognized (Public university),current,https://www.brandonu.ca/,IRCC DLI + CICIC live directory + ROR v2 cross-reference,IRCC page modified 2026-09-01; CICIC live directory; ROR API v2,2026-09-09,Verified by IRCC public-DLI graduate-program flag (master's/doctorate degree programs),No verified positive research-program signal in this bounded mechanical pass; no negative conclusion drawn.,indexed,,https://ror.org/02qp25a50,,,O19201298932,Complete for federal graduate-DLI flag; required for unresolved name/program screens,Collapsed 1 IRCC campus rows. Cities: Brandon. CICIC match score=1.000; ROR match score=1.000.
ca:dli:O19091528512,University of Manitoba,University of Manitoba,Canada,Canada — Manitoba,Public institution,CICIC Recognized (Public university),current,https://umanitoba.ca,IRCC DLI + CICIC live directory + ROR v2 cross-reference,IRCC page modified 2026-09-01; CICIC live directory; ROR API v2,2026-09-09,Verified by IRCC public-DLI graduate-program flag (master's/doctorate degree programs),Official page verifies a research/thesis route: MSc in Computer Science.,preliminary_fit,,https://ror.org/02gfys938,,,O19091528512,Complete for federal graduate-DLI flag; required for unresolved name/program screens,Collapsed 1 IRCC campus rows. Cities: Winnipeg. CICIC match score=1.000; ROR match score=1.000.
ca:dli:O19147986012,University of Winnipeg,University of Winnipeg,Canada,Canada — Manitoba,Public institution,CICIC Recognized (Public university),current,https://www.uwinnipeg.ca,IRCC DLI + CICIC live directory + ROR v2 cross-reference,IRCC page modified 2026-09-01; CICIC live directory; ROR API v2,2026-09-09,Verified by IRCC public-DLI graduate-program flag (master's/doctorate degree programs),"Relevant program seed found, but the official page was blocked or lacked the required mechanical signals.",indexed,,https://ror.org/02gdzyx04,,,O19147986012,Complete for federal graduate-DLI flag; required for unresolved name/program screens,Collapsed 1 IRCC campus rows. Cities: Winnipeg. CICIC match score=1.000; ROR match score=1.000.
ca:dli:O19126670302,Université de Saint-Boniface,Université de Saint-Boniface,Canada,Canada — Manitoba,Public institution,CICIC Recognized (Public university),current,http://ustboniface.ca/page.aspx?pid=4881,IRCC DLI + CICIC live directory + ROR v2 cross-reference,IRCC page modified 2026-09-01; CICIC live directory; ROR API v2,2026-09-09,Verified by IRCC public-DLI graduate-program flag (master's/doctorate degree programs),No verified positive research-program signal in this bounded mechanical pass; no negative conclusion drawn.,indexed,,https://ror.org/00jstgs54,,,O19126670302,Complete for federal graduate-DLI flag; required for unresolved name/program screens,Collapsed 1 IRCC campus rows. Cities: Winnipeg. CICIC match score=1.000; ROR match score=1.000.
ca:dli:O19273922302,Mount Allison University,Mount Allison University,Canada,Canada — New Brunswick,Public institution,CICIC Recognized (Public university),current,https://mta.ca,IRCC DLI + CICIC live directory + ROR v2 cross-reference,IRCC page modified 2026-09-01; CICIC live directory; ROR API v2,2026-09-09,Verified by IRCC public-DLI graduate-program flag (master's/doctorate degree programs),No verified positive research-program signal in this bounded mechanical pass; no negative conclusion drawn.,indexed,,https://ror.org/03grc6f14,,,O19273922302,Complete for federal graduate-DLI flag; required for unresolved name/program screens,Collapsed 1 IRCC campus rows. Cities: Sackville. CICIC match score=1.000; ROR match score=1.000.
ca:dli:O19391556376,St. Thomas University,St. Thomas University,Canada,Canada — New Brunswick,Public institution,CICIC Recognized (Public university),current,https://www.stu.ca/,IRCC DLI + CICIC live directory + ROR v2 cross-reference,IRCC page modified 2026-09-01; CICIC live directory; ROR API v2,2026-09-09,Verified by IRCC public-DLI graduate-program flag (master's/doctorate degree programs),No verified positive research-program signal in this bounded mechanical pass; no negative conclusion drawn.,indexed,,https://ror.org/05baznr53,,,O19391556376,Complete for federal graduate-DLI flag; required for unresolved name/program screens,Collapsed 1 IRCC campus rows. Cities: Fredericton. CICIC match score=1.000; ROR match score=1.000.
ca:dli:O19348802512,University of New Brunswick,University of New Brunswick,Canada,Canada — New Brunswick,Public institution,CICIC Recognized (Public university),current,https://unb.ca,IRCC DLI + CICIC live directory + ROR v2 cross-reference,IRCC page modified 2026-09-01; CICIC live directory; ROR API v2,2026-09-09,Verified by IRCC public-DLI graduate-program flag (master's/doctorate degree programs),Official page verifies a research/thesis route: MCS in Computer Science (thesis).,preliminary_fit,,https://ror.org/05nkf0n29,,,O19348802512,Complete for federal graduate-DLI flag; required for unresolved name/program screens,Collapsed 2 IRCC campus rows. Cities: Fredericton | Saint John. CICIC match score=1.000; ROR match score=1.000.
ca:dli:O19391556532,Université de Moncton,Université de Moncton,Canada,Canada — New Brunswick,Public institution,CICIC Recognized (Public university),current,http://www.umoncton.ca/,IRCC DLI + CICIC live directory + ROR v2 cross-reference,IRCC page modified 2026-09-01; CICIC live directory; ROR API v2,2026-09-09,Verified by IRCC public-DLI graduate-program flag (master's/doctorate degree programs),No verified positive research-program signal in this bounded mechanical pass; no negative conclusion drawn.,indexed,,https://ror.org/029tnqt29,,,O19391556532,Complete for federal graduate-DLI flag; required for unresolved name/program screens,Collapsed 3 IRCC campus rows. Cities: Edmundston | Moncton | Shippagan. CICIC match score=1.000; ROR match score=1.000.
ca:dli:O19440995346,Memorial University of Newfoundland,Memorial University of Newfoundland,Canada,Canada — Newfoundland and Labrador,Public institution,CICIC Recognized (Public university),current,https://mun.ca,IRCC DLI + CICIC live directory + ROR v2 cross-reference,IRCC page modified 2026-09-01; CICIC live directory; ROR API v2,2026-09-09,Verified by IRCC public-DLI graduate-program flag (master's/doctorate degree programs),Official page verifies a research/thesis route: MSc in Computer Science (thesis).,preliminary_fit,,https://ror.org/04haebc03,,,O19440995346,Complete for federal graduate-DLI flag; required for unresolved name/program screens,Collapsed 2 IRCC campus rows. Cities: Corner Brook | St. John’s. CICIC match score=1.000; ROR match score=1.000.
ca:dli:O19391556792,Acadia University,Acadia University,Canada,Canada — Nova Scotia,Public institution,CICIC Recognized (Public university),current,http://www2.acadiau.ca/,IRCC DLI + CICIC live directory + ROR v2 cross-reference,IRCC page modified 2026-09-01; CICIC live directory; ROR API v2,2026-09-09,Verified by IRCC public-DLI graduate-program flag (master's/doctorate degree programs),Official page verifies a research/thesis route: MSc in Computer Science (thesis).,preliminary_fit,,https://ror.org/00839we02,,,O19391556792,Complete for federal graduate-DLI flag; required for unresolved name/program screens,Collapsed 1 IRCC campus rows. Cities: Wolfville. CICIC match score=1.000; ROR match score=1.000.
ca:dli:O19391556837,Atlantic School of Theology,Atlantic School of Theology,Canada,Canada — Nova Scotia,Public institution,CICIC Recognized (Public university),current,http://www.astheology.ns.ca/home/welcome.html,IRCC DLI + CICIC live directory + ROR v2 cross-reference,IRCC page modified 2026-09-01; CICIC live directory; ROR API v2,2026-09-09,Verified by IRCC public-DLI graduate-program flag (master's/doctorate degree programs),Negative specialty/title screen; a manual catalog audit is still recommended.,no_relevant_graduate_field,Official institutional scope is theology; no computing research graduate degree identified.,https://ror.org/00br73y72,,,O19391556837,Complete for federal graduate-DLI flag; required for unresolved name/program screens,Collapsed 1 IRCC campus rows. Cities: Halifax. CICIC match score=1.000; ROR match score=1.000.
ca:dli:O19391556824,Cape Breton University,Cape Breton University,Canada,Canada — Nova Scotia,Public institution,CICIC Recognized (Public university),current,http://www.cbu.ca/,IRCC DLI + CICIC live directory + ROR v2 cross-reference,IRCC page modified 2026-09-01; CICIC live directory; ROR API v2,2026-09-09,Verified by IRCC public-DLI graduate-program flag (master's/doctorate degree programs),No verified positive research-program signal in this bounded mechanical pass; no negative conclusion drawn.,indexed,,https://ror.org/052y05165,,,O19391556824,Complete for federal graduate-DLI flag; required for unresolved name/program screens,Collapsed 1 IRCC campus rows. Cities: Sydney. CICIC match score=1.000; ROR match score=1.000.
ca:dli:O19209939282,Dalhousie University,Dalhousie University,Canada,Canada — Nova Scotia,Public institution,CICIC Recognized (Public university),current,https://www.dal.ca,IRCC DLI + CICIC live directory + ROR v2 cross-reference,IRCC page modified 2026-09-01; CICIC live directory; ROR API v2,2026-09-09,Verified by IRCC public-DLI graduate-program flag (master's/doctorate degree programs),Official page verifies a research/thesis route: PhD in Computer Science.,preliminary_fit,,https://ror.org/01e6qks80,,,O19209939282,Complete for federal graduate-DLI flag; required for unresolved name/program screens,Collapsed 1 IRCC campus rows. Cities: Halifax. CICIC match score=1.000; ROR match score=1.000.
ca:dli:O19301947442,Mount Saint Vincent University,Mount Saint Vincent University,Canada,Canada — Nova Scotia,Public institution,CICIC Recognized (Public university),current,,IRCC DLI + CICIC live directory + ROR v2 cross-reference,IRCC page modified 2026-09-01; CICIC live directory; ROR API v2,2026-09-09,Verified by IRCC public-DLI graduate-program flag (master's/doctorate degree programs),No verified positive research-program signal in this bounded mechanical pass; no negative conclusion drawn.,indexed,,,,,O19301947442,Complete for federal graduate-DLI flag; required for unresolved name/program screens,Collapsed 1 IRCC campus rows. Cities: Halifax. CICIC match score=1.000; ROR match score=0.706.
ca:dli:O19091820452,Nova Scotia Community College,Nova Scotia Community College,Canada,Canada — Nova Scotia,Public institution,Current IRCC public graduate DLI; exact CICIC name match unresolved,current,http://www.nscc.ca/,IRCC DLI + CICIC live directory + ROR v2 cross-reference,IRCC page modified 2026-09-01; CICIC live directory; ROR API v2,2026-09-09,Verified by IRCC public-DLI graduate-program flag (master's/doctorate degree programs),No verified positive research-program signal in this bounded mechanical pass; no negative conclusion drawn.,indexed,,https://ror.org/023sej223,,,O19091820452,Complete for federal graduate-DLI flag; required for unresolved name/program screens,Collapsed 1 IRCC campus rows. Cities: Halifax. CICIC match score=0.456; ROR match score=1.000.
ca:dli:O19021269652,NSCAD University (Nova Scotia College of Art and Design),NSCAD University (Nova Scotia College of Art and Design),Canada,Canada — Nova Scotia,Public institution,CICIC Recognized (Public university),current,http://nscad.ca/en/home/default.aspx,IRCC DLI + CICIC live directory + ROR v2 cross-reference,IRCC page modified 2026-09-01; CICIC live directory; ROR API v2,2026-09-09,Verified by IRCC public-DLI graduate-program flag (master's/doctorate degree programs),No verified positive research-program signal in this bounded mechanical pass; no negative conclusion drawn.,indexed,,https://ror.org/03sscxa41,,,O19021269652,Complete for federal graduate-DLI flag; required for unresolved name/program screens,Collapsed 1 IRCC campus rows. Cities: Halifax. CICIC match score=1.000; ROR match score=1.000.
ca:dli:O19021279692,Saint Mary’s University,Saint Mary’s University,Canada,Canada — Nova Scotia,Public institution,CICIC Recognized (Public university),current,https://www.smu.ca,IRCC DLI + CICIC live directory + ROR v2 cross-reference,IRCC page modified 2026-09-01; CICIC live directory; ROR API v2,2026-09-09,Verified by IRCC public-DLI graduate-program flag (master's/doctorate degree programs),No verified positive research-program signal in this bounded mechanical pass; no negative conclusion drawn.,indexed,,https://ror.org/010zh7098,,,O19021279692,Complete for federal graduate-DLI flag; required for unresolved name/program screens,Collapsed 1 IRCC campus rows. Cities: Halifax. CICIC match score=0.978; ROR match score=0.978.
ca:dli:O19391556899,St. Francis Xavier University,St. Francis Xavier University,Canada,Canada — Nova Scotia,Public institution,CICIC Recognized (Public university),current,,IRCC DLI + CICIC live directory + ROR v2 cross-reference,IRCC page modified 2026-09-01; CICIC live directory; ROR API v2,2026-09-09,Verified by IRCC public-DLI graduate-program flag (master's/doctorate degree programs),No verified positive research-program signal in this bounded mechanical pass; no negative conclusion drawn.,indexed,,,,,O19391556899,Complete for federal graduate-DLI flag; required for unresolved name/program screens,Collapsed 1 IRCC campus rows. Cities: Antigonish. CICIC match score=1.000; ROR match score=0.667.
ca:dli:O19391556768,University of King’s College,University of King’s College,Canada,Canada — Nova Scotia,Public institution,CICIC Recognized (Public university),current,http://www.ukings.ca/,IRCC DLI + CICIC live directory + ROR v2 cross-reference,IRCC page modified 2026-09-01; CICIC live directory; ROR API v2,2026-09-09,Verified by IRCC public-DLI graduate-program flag (master's/doctorate degree programs),No verified positive research-program signal in this bounded mechanical pass; no negative conclusion drawn.,indexed,,https://ror.org/01cw0fy64,,,O19391556768,Complete for federal graduate-DLI flag; required for unresolved name/program screens,Collapsed 1 IRCC campus rows. Cities: Halifax. CICIC match score=0.982; ROR match score=0.982.
ca:dli:O19391556726,Université Sainte-Anne,Université Sainte-Anne,Canada,Canada — Nova Scotia,Public institution,CICIC Recognized (Public university),current,https://www.usainteanne.ca/,IRCC DLI + CICIC live directory + ROR v2 cross-reference,IRCC page modified 2026-09-01; CICIC live directory; ROR API v2,2026-09-09,Verified by IRCC public-DLI graduate-program flag (master's/doctorate degree programs),No verified positive research-program signal in this bounded mechanical pass; no negative conclusion drawn.,indexed,,https://ror.org/034msqq35,,,O19391556726,Complete for federal graduate-DLI flag; required for unresolved name/program screens,Collapsed 1 IRCC campus rows. Cities: Church Point. CICIC match score=1.000; ROR match score=1.000.
ca:dli:O19395422197,Algoma University,Algoma University,Canada,Canada — Ontario,Public institution,CICIC Recognized (Public university),current,https://algomau.ca,IRCC DLI + CICIC live directory + ROR v2 cross-reference,IRCC page modified 2026-09-01; CICIC live directory; ROR API v2,2026-09-09,Verified by IRCC public-DLI graduate-program flag (master's/doctorate degree programs),No verified positive research-program signal in this bounded mechanical pass; no negative conclusion drawn.,indexed,,https://ror.org/0131d6623,,,O19395422197,Complete for federal graduate-DLI flag; required for unresolved name/program screens,Collapsed 3 IRCC campus rows. Cities: Brampton | Sault Ste. Marie | Timmins. CICIC match score=1.000; ROR match score=1.000.
ca:dli:O19394569014,Brock University,Brock University,Canada,Canada — Ontario,Public institution,CICIC Recognized (Public university),current,https://brocku.ca,IRCC DLI + CICIC live directory + ROR v2 cross-reference,IRCC page modified 2026-09-01; CICIC live directory; ROR API v2,2026-09-09,Verified by IRCC public-DLI graduate-program flag (master's/doctorate degree programs),Official page verifies a research/thesis route: MSc in Computer Science.,preliminary_fit,,https://ror.org/056am2717,,,O19394569014,Complete for federal graduate-DLI flag; required for unresolved name/program screens,Collapsed 2 IRCC campus rows. Cities: Hamilton | St. Catharines. CICIC match score=1.000; ROR match score=1.000.
ca:dli:O19994256968,Canadian Forces College,Canadian Forces College,Canada,Canada — Ontario,Public institution,Current IRCC public graduate DLI; exact CICIC name match unresolved,current,http://www.cfc.forces.gc.ca/221-eng.html,IRCC DLI + CICIC live directory + ROR v2 cross-reference,IRCC page modified 2026-09-01; CICIC live directory; ROR API v2,2026-09-09,Verified by IRCC public-DLI graduate-program flag (master's/doctorate degree programs),Negative specialty/title screen; a manual catalog audit is still recommended.,no_relevant_graduate_field,Official institutional scope is professional military education; no open computing research graduate route identified.,https://ror.org/01pcm0w39,,,O19994256968,Complete for federal graduate-DLI flag; required for unresolved name/program screens,Collapsed 1 IRCC campus rows. Cities: North York. CICIC match score=0.697; ROR match score=1.000.
ca:dli:O19332687812,Carleton University,Carleton University,Canada,Canada — Ontario,Public institution,CICIC Recognized (Public university),current,https://carleton.ca,IRCC DLI + CICIC live directory + ROR v2 cross-reference,IRCC page modified 2026-09-01; CICIC live directory; ROR API v2,2026-09-09,Verified by IRCC public-DLI graduate-program flag (master's/doctorate degree programs),Official page verifies a research/thesis route: MCS in Computer Science (thesis).,preliminary_fit,,https://ror.org/02qtvee93,,,O19332687812,Complete for federal graduate-DLI flag; required for unresolved name/program screens,Collapsed 1 IRCC campus rows. Cities: Ottawa. CICIC match score=1.000; ROR match score=1.000.
ca:dli:O19305471522,University of Waterloo,Conrad Grebel University College | St. Jerome’s University (University of Waterloo) | St. Paul’s University College (University of Waterloo) | University of Waterloo,Canada,Canada — Ontario,Public institution,CICIC Recognized (Public university),current,https://www.utoronto.ca,IRCC DLI + CICIC live directory + ROR v2 cross-reference,IRCC page modified 2026-09-01; CICIC live directory; ROR API v2,2026-09-09,Verified by IRCC public-DLI graduate-program flag (master's/doctorate degree programs),Official page verifies a research/thesis route: MMath in Computer Science (thesis).,preliminary_fit,,https://ror.org/03dbr7087,,,O19305471522,Complete for federal graduate-DLI flag; required for unresolved name/program screens,Collapsed 8 IRCC campus rows. Cities: Breslau | Cambridge | Stratford | Toronto | Waterloo. CICIC match score=1.000; ROR match score=0.837.
ca:dli:O19396019447,Lakehead University,Lakehead University,Canada,Canada — Ontario,Public institution,CICIC Recognized (Public university),current,https://www.ulaval.ca,IRCC DLI + CICIC live directory + ROR v2 cross-reference,IRCC page modified 2026-09-01; CICIC live directory; ROR API v2,2026-09-09,Verified by IRCC public-DLI graduate-program flag (master's/doctorate degree programs),Official page verifies a research/thesis route: MSc in Computer Science (thesis).,preliminary_fit,,https://ror.org/04sjchr03,,,O19396019447,Complete for federal graduate-DLI flag; required for unresolved name/program screens,Collapsed 2 IRCC campus rows. Cities: Orillia | Thunder Bay. CICIC match score=1.000; ROR match score=0.800.
ca:dli:O19304259382,Laurentian University,Laurentian University,Canada,Canada — Ontario,Public institution,CICIC Recognized (Public university),current,,IRCC DLI + CICIC live directory + ROR v2 cross-reference,IRCC page modified 2026-09-01; CICIC live directory; ROR API v2,2026-09-09,Verified by IRCC public-DLI graduate-program flag (master's/doctorate degree programs),Official page verifies a research/thesis route: MSc in Computational Sciences.,preliminary_fit,,,,,O19304259382,Complete for federal graduate-DLI flag; required for unresolved name/program screens,Collapsed 2 IRCC campus rows. Cities: Sudbury | Timmins. CICIC match score=1.000; ROR match score=0.811.
ca:dli:O19395535729,McMaster University,McMaster University,Canada,Canada — Ontario,Public institution,CICIC Recognized (Public university),current,https://www.mcmaster.ca,IRCC DLI + CICIC live directory + ROR v2 cross-reference,IRCC page modified 2026-09-01; CICIC live directory; ROR API v2,2026-09-09,Verified by IRCC public-DLI graduate-program flag (master's/doctorate degree programs),Official page verifies a research/thesis route: MSc in Computer Science.,preliminary_fit,,https://ror.org/02fa3aq29,,,O19395535729,Complete for federal graduate-DLI flag; required for unresolved name/program screens,Collapsed 4 IRCC campus rows. Cities: Burlington | Hamilton | Kitchener | St. Catharines. CICIC match score=1.000; ROR match score=1.000.
ca:dli:O19395535971,Nipissing University,Nipissing University,Canada,Canada — Ontario,Public institution,CICIC Recognized (Public university),current,,IRCC DLI + CICIC live directory + ROR v2 cross-reference,IRCC page modified 2026-09-01; CICIC live directory; ROR API v2,2026-09-09,Verified by IRCC public-DLI graduate-program flag (master's/doctorate degree programs),No verified positive research-program signal in this bounded mechanical pass; no negative conclusion drawn.,indexed,,,,,O19395535971,Complete for federal graduate-DLI flag; required for unresolved name/program screens,Collapsed 3 IRCC campus rows. Cities: Bracebridge | Brantford | North Bay. CICIC match score=1.000; ROR match score=0.757.
ca:dli:O19332928222,OCAD University,OCAD University,Canada,Canada — Ontario,Public institution,CICIC Recognized (Public university),current,http://nscad.ca/en/home/default.aspx,IRCC DLI + CICIC live directory + ROR v2 cross-reference,IRCC page modified 2026-09-01; CICIC live directory; ROR API v2,2026-09-09,Verified by IRCC public-DLI graduate-program flag (master's/doctorate degree programs),Negative specialty/title screen; a manual catalog audit is still recommended.,no_relevant_graduate_field,Official institutional scope is art and design; no computing research graduate degree identified in the mechanical title screen.,https://ror.org/03sscxa41,,,O19332928222,Complete for federal graduate-DLI flag; required for unresolved name/program screens,Collapsed 1 IRCC campus rows. Cities: Toronto. CICIC match score=1.000; ROR match score=0.903.
ca:dli:O19315945002,Ontario Tech University,Ontario Tech University,Canada,Canada — Ontario,Public institution,CICIC Recognized (Public university),current,https://ontariotechu.ca,IRCC DLI + CICIC live directory + ROR v2 cross-reference,IRCC page modified 2026-09-01; CICIC live directory; ROR API v2,2026-09-09,Verified by IRCC public-DLI graduate-program flag (master's/doctorate degree programs),Official page verifies a research/thesis route: MSc in Computer Science.,preliminary_fit,,https://ror.org/016zre027,,,O19315945002,Complete for federal graduate-DLI flag; required for unresolved name/program screens,Collapsed 1 IRCC campus rows. Cities: Oshawa. CICIC match score=1.000; ROR match score=1.000.
ca:dli:O19376023352,Queen’s University,Queen’s University,Canada,Canada — Ontario,Public institution,CICIC Recognized (Public university),current,http://www.queensu.ca/,IRCC DLI + CICIC live directory + ROR v2 cross-reference,IRCC page modified 2026-09-01; CICIC live directory; ROR API v2,2026-09-09,Verified by IRCC public-DLI graduate-program flag (master's/doctorate degree programs),No verified positive research-program signal in this bounded mechanical pass; no negative conclusion drawn.,indexed,,https://ror.org/02y72wh86,,,O19376023352,Complete for federal graduate-DLI flag; required for unresolved name/program screens,Collapsed 2 IRCC campus rows. Cities: Kingston | Toronto. CICIC match score=0.971; ROR match score=0.971.
ca:dli:O19993856974,Royal Military College of Canada,Royal Military College of Canada,Canada,Canada — Ontario,Public institution,CICIC Recognized (Public university),current,https://www.rmc-cmr.ca,IRCC DLI + CICIC live directory + ROR v2 cross-reference,IRCC page modified 2026-09-01; CICIC live directory; ROR API v2,2026-09-09,Verified by IRCC public-DLI graduate-program flag (master's/doctorate degree programs),No verified positive research-program signal in this bounded mechanical pass; no negative conclusion drawn.,indexed,,https://ror.org/04yr71909,,,O19993856974,Complete for federal graduate-DLI flag; required for unresolved name/program screens,Collapsed 1 IRCC campus rows. Cities: Kingston. CICIC match score=1.000; ROR match score=1.000.
ca:dli:O19395536013,Seneca College,Seneca College,Canada,Canada — Ontario,Public institution,Current IRCC public graduate DLI; exact CICIC name match unresolved,current,https://www.senecapolytechnic.ca/home.html,IRCC DLI + CICIC live directory + ROR v2 cross-reference,IRCC page modified 2026-09-01; CICIC live directory; ROR API v2,2026-09-09,Verified by IRCC public-DLI graduate-program flag (master's/doctorate degree programs),No verified positive research-program signal in this bounded mechanical pass; no negative conclusion drawn.,indexed,,https://ror.org/04qgh9k98,,,O19395536013,Complete for federal graduate-DLI flag; required for unresolved name/program screens,Collapsed 1 IRCC campus rows. Cities: Toronto. CICIC match score=0.621; ROR match score=1.000.
ca:dli:O19385946782,Sheridan College,Sheridan College,Canada,Canada — Ontario,Public institution,Current IRCC public graduate DLI; exact CICIC name match unresolved,current,http://www.cegep-heritage.qc.ca/,IRCC DLI + CICIC live directory + ROR v2 cross-reference,IRCC page modified 2026-09-01; CICIC live directory; ROR API v2,2026-09-09,Verified by IRCC public-DLI graduate-program flag (master's/doctorate degree programs),No verified positive research-program signal in this bounded mechanical pass; no negative conclusion drawn.,indexed,,https://ror.org/05xng5k36,,,O19385946782,Complete for federal graduate-DLI flag; required for unresolved name/program screens,Collapsed 1 IRCC campus rows. Cities: Oakville. CICIC match score=0.581; ROR match score=0.812.
ca:dli:O19395677373,The Michener Institute for Applied Health Sciences,The Michener Institute for Applied Health Sciences,Canada,Canada — Ontario,Public institution,Current IRCC public graduate DLI; exact CICIC name match unresolved,current,http://michener.ca/,IRCC DLI + CICIC live directory + ROR v2 cross-reference,IRCC page modified 2026-09-01; CICIC live directory; ROR API v2,2026-09-09,Verified by IRCC public-DLI graduate-program flag (master's/doctorate degree programs),Negative specialty/title screen; a manual catalog audit is still recommended.,no_relevant_graduate_field,Official institutional scope is applied health sciences; no computing research graduate degree identified.,https://ror.org/00kx97841,,,O19395677373,Complete for federal graduate-DLI flag; required for unresolved name/program screens,Collapsed 1 IRCC campus rows. Cities: Toronto. CICIC match score=0.519; ROR match score=1.000.
ca:dli:O19395677651,Toronto Metropolitan University,Toronto Metropolitan University (TMU),Canada,Canada — Ontario,Public institution,CICIC Recognized (Public university),current,https://www.torontomu.ca,IRCC DLI + CICIC live directory + ROR v2 cross-reference,IRCC page modified 2026-09-01; CICIC live directory; ROR API v2,2026-09-09,Verified by IRCC public-DLI graduate-program flag (master's/doctorate degree programs),Official page verifies a research/thesis route: MSc in Computer Science.,preliminary_fit,,https://ror.org/05g13zd79,,,O19395677651,Complete for federal graduate-DLI flag; required for unresolved name/program screens,Collapsed 1 IRCC campus rows. Cities: Toronto. CICIC match score=1.000; ROR match score=1.000.
ca:dli:O19395164223,Trent University,Trent University,Canada,Canada — Ontario,Public institution,CICIC Recognized (Public university),current,https://www.trentu.ca,IRCC DLI + CICIC live directory + ROR v2 cross-reference,IRCC page modified 2026-09-01; CICIC live directory; ROR API v2,2026-09-09,Verified by IRCC public-DLI graduate-program flag (master's/doctorate degree programs),No verified positive research-program signal in this bounded mechanical pass; no negative conclusion drawn.,indexed,,https://ror.org/03ygmq230,,,O19395164223,Complete for federal graduate-DLI flag; required for unresolved name/program screens,Collapsed 2 IRCC campus rows. Cities: Oshawa | Peterborough. CICIC match score=1.000; ROR match score=1.000.
ca:dli:O19305391192,University of Guelph,University of Guelph,Canada,Canada — Ontario,Public institution,CICIC Recognized (Public university),current,https://www.uoguelph.ca,IRCC DLI + CICIC live directory + ROR v2 cross-reference,IRCC page modified 2026-09-01; CICIC live directory; ROR API v2,2026-09-09,Verified by IRCC public-DLI graduate-program flag (master's/doctorate degree programs),Official page verifies a research/thesis route: MSc in Computer Science.,preliminary_fit,,https://ror.org/01r7awg59,,,O19305391192,Complete for federal graduate-DLI flag; required for unresolved name/program screens,Collapsed 5 IRCC campus rows. Cities: Alfred | Guelph | Kemptville | Ridgetown | Toronto. CICIC match score=1.000; ROR match score=1.000.
ca:dli:O19332746152,University of Toronto,University of Toronto | Victoria College in Victoria University (University of Toronto),Canada,Canada — Ontario,Public institution,CICIC Recognized (Public university),current,https://www.utoronto.ca,IRCC DLI + CICIC live directory + ROR v2 cross-reference,IRCC page modified 2026-09-01; CICIC live directory; ROR API v2,2026-09-09,Verified by IRCC public-DLI graduate-program flag (master's/doctorate degree programs),Official page verifies a research/thesis route: MSc in Computer Science.,preliminary_fit,,https://ror.org/03dbr7087,,,O19332746152,Complete for federal graduate-DLI flag; required for unresolved name/program screens,Collapsed 3 IRCC campus rows. Cities: Mississauga | Toronto. CICIC match score=1.000; ROR match score=1.000.
ca:dli:O19358946722,University of Windsor,University of Windsor,Canada,Canada — Ontario,Public institution,CICIC Recognized (Public university),current,,IRCC DLI + CICIC live directory + ROR v2 cross-reference,IRCC page modified 2026-09-01; CICIC live directory; ROR API v2,2026-09-09,Verified by IRCC public-DLI graduate-program flag (master's/doctorate degree programs),Official page verifies a research/thesis route: MSc in Computer Science.,preliminary_fit,,,,,O19358946722,Complete for federal graduate-DLI flag; required for unresolved name/program screens,Collapsed 1 IRCC campus rows. Cities: Windsor. CICIC match score=1.000; ROR match score=0.791.
ca:dli:O19395677925,Université de Hearst,Université de Hearst,Canada,Canada — Ontario,Public institution,CICIC Recognized (Public university),current,http://www.uhearst.ca/english,IRCC DLI + CICIC live directory + ROR v2 cross-reference,IRCC page modified 2026-09-01; CICIC live directory; ROR API v2,2026-09-09,Verified by IRCC public-DLI graduate-program flag (master's/doctorate degree programs),Negative specialty/title screen; a manual catalog audit is still recommended.,no_relevant_graduate_field,No computing research graduate degree identified in the institution's official program inventory.,https://ror.org/00t0mzb74,,,O19395677925,Complete for federal graduate-DLI flag; required for unresolved name/program screens,Collapsed 3 IRCC campus rows. Cities: Hearst | Kapuskasing | Timmins. CICIC match score=1.000; ROR match score=1.000.
ca:dli:O19397188593,University of Ottawa,Université d’Ottawa/University of Ottawa,Canada,Canada — Ontario,Public institution,CICIC Recognized (Public university),current,,IRCC DLI + CICIC live directory + ROR v2 cross-reference,IRCC page modified 2026-09-01; CICIC live directory; ROR API v2,2026-09-09,Verified by IRCC public-DLI graduate-program flag (master's/doctorate degree programs),Official page verifies a research/thesis route: MSc in Computer Science.,preliminary_fit,,,,,O19397188593,Complete for federal graduate-DLI flag; required for unresolved name/program screens,Collapsed 4 IRCC campus rows. Cities: Ottawa | Pembroke | Toronto | Windsor. CICIC match score=1.000; ROR match score=0.810.
ca:dli:O19395164307,Wilfrid Laurier University,Waterloo Lutheran Seminary (Wilfred Laurier University) | Wilfrid Laurier University,Canada,Canada — Ontario,Public institution,CICIC Recognized (Public university),current,https://wlu.ca,IRCC DLI + CICIC live directory + ROR v2 cross-reference,IRCC page modified 2026-09-01; CICIC live directory; ROR API v2,2026-09-09,Verified by IRCC public-DLI graduate-program flag (master's/doctorate degree programs),Official page verifies a research/thesis route: Master of Applied Computing (thesis stream).,preliminary_fit,,https://ror.org/00fn7gb05,,,O19395164307,Complete for federal graduate-DLI flag; required for unresolved name/program screens,Collapsed 5 IRCC campus rows. Cities: Brantford | Kitchener | Toronto | Waterloo. CICIC match score=1.000; ROR match score=1.000.
ca:dli:O19375892122,Western University,Western University,Canada,Canada — Ontario,Public institution,CICIC Recognized (Public university),current,https://uwo.ca,IRCC DLI + CICIC live directory + ROR v2 cross-reference,IRCC page modified 2026-09-01; CICIC live directory; ROR API v2,2026-09-09,Verified by IRCC public-DLI graduate-program flag (master's/doctorate degree programs),Official page verifies a research/thesis route: MSc in Computer Science (thesis).,preliminary_fit,,https://ror.org/02grkyz14,,,O19375892122,Complete for federal graduate-DLI flag; required for unresolved name/program screens,Collapsed 1 IRCC campus rows. Cities: London. CICIC match score=1.000; ROR match score=1.000.
ca:dli:O19361109242,York University,York University,Canada,Canada — Ontario,Public institution,CICIC Recognized (Public university),current,https://www.yorku.ca,IRCC DLI + CICIC live directory + ROR v2 cross-reference,IRCC page modified 2026-09-01; CICIC live directory; ROR API v2,2026-09-09,Verified by IRCC public-DLI graduate-program flag (master's/doctorate degree programs),No verified positive research-program signal in this bounded mechanical pass; no negative conclusion drawn.,indexed,,https://ror.org/05fq50484,,,O19361109242,Complete for federal graduate-DLI flag; required for unresolved name/program screens,Collapsed 1 IRCC campus rows. Cities: Toronto. CICIC match score=1.000; ROR match score=1.000.
ca:dli:O19220071452,University of Prince Edward Island,University of Prince Edward Island,Canada,Canada — Prince Edward Island,Public institution,CICIC Recognized (Public university),current,http://home.upei.ca/,IRCC DLI + CICIC live directory + ROR v2 cross-reference,IRCC page modified 2026-09-01; CICIC live directory; ROR API v2,2026-09-09,Verified by IRCC public-DLI graduate-program flag (master's/doctorate degree programs),"Relevant program seed found, but the official page was blocked or lacked the required mechanical signals.",indexed,,https://ror.org/02xh9x144,,,O19220071452,Complete for federal graduate-DLI flag; required for unresolved name/program screens,Collapsed 1 IRCC campus rows. Cities: Charlottetown. CICIC match score=1.000; ROR match score=1.000.
ca:dli:O19359010995,Bishop's University,Bishop's University,Canada,Canada — Quebec,Public institution,CICIC Recognized (Public university),current,https://www.ubishops.ca,IRCC DLI + CICIC live directory + ROR v2 cross-reference,IRCC page modified 2026-09-01; CICIC live directory; ROR API v2,2026-09-09,Verified by IRCC public-DLI graduate-program flag (master's/doctorate degree programs),No verified positive research-program signal in this bounded mechanical pass; no negative conclusion drawn.,indexed,,https://ror.org/051prj435,,,O19359010995,Complete for federal graduate-DLI flag; required for unresolved name/program screens,Collapsed 1 IRCC campus rows. Cities: Sherbrooke. CICIC match score=1.000; ROR match score=1.000.
ca:dli:O19359011007,Concordia University,Concordia University,Canada,Canada — Quebec,Public institution,CICIC Recognized (Public university),current,https://www.concordia.ca/,IRCC DLI + CICIC live directory + ROR v2 cross-reference,IRCC page modified 2026-09-01; CICIC live directory; ROR API v2,2026-09-09,Verified by IRCC public-DLI graduate-program flag (master's/doctorate degree programs),Official page verifies a research/thesis route: Master of Computer Science (thesis).,preliminary_fit,,https://ror.org/0420zvk78,,,O19359011007,Complete for federal graduate-DLI flag; required for unresolved name/program screens,Collapsed 1 IRCC campus rows. Cities: Montréal. CICIC match score=1.000; ROR match score=1.000.
ca:dli:O293775204142,Conservatoire d'art dramatique de Québec,Conservatoire d'art dramatique de Québec,Canada,Canada — Quebec,Public institution,CICIC Recognized (Public college),current,http://www.conservatoire.gouv.qc.ca/,IRCC DLI + CICIC live directory + ROR v2 cross-reference,IRCC page modified 2026-09-01; CICIC live directory; ROR API v2,2026-09-09,Verified by IRCC public-DLI graduate-program flag (master's/doctorate degree programs),Negative specialty/title screen; a manual catalog audit is still recommended.,no_relevant_graduate_field,Official institutional scope is dramatic arts; no computing research graduate degree identified.,https://ror.org/054pxse21,,,O293775204142,Complete for federal graduate-DLI flag; required for unresolved name/program screens,Collapsed 1 IRCC campus rows. Cities: Québec. CICIC match score=1.000; ROR match score=0.839.
ca:dli:O19359010871,Conservatoire de musique de Gatineau,Conservatoire de musique de Gatineau,Canada,Canada — Quebec,Public institution,Current IRCC public graduate DLI; exact CICIC name match unresolved,current,,IRCC DLI + CICIC live directory + ROR v2 cross-reference,IRCC page modified 2026-09-01; CICIC live directory; ROR API v2,2026-09-09,Verified by IRCC public-DLI graduate-program flag (master's/doctorate degree programs),Negative specialty/title screen; a manual catalog audit is still recommended.,no_relevant_graduate_field,Official institutional scope is music; no computing research graduate degree identified.,,,,O19359010871,Complete for federal graduate-DLI flag; required for unresolved name/program screens,Collapsed 1 IRCC campus rows. Cities: Gatineau. CICIC match score=0.718; ROR match score=0.719.
ca:dli:O19359010884,Conservatoire de musique de Montréal,Conservatoire de musique de Montréal,Canada,Canada — Quebec,Public institution,CICIC Recognized (Public college),current,,IRCC DLI + CICIC live directory + ROR v2 cross-reference,IRCC page modified 2026-09-01; CICIC live directory; ROR API v2,2026-09-09,Verified by IRCC public-DLI graduate-program flag (master's/doctorate degree programs),Negative specialty/title screen; a manual catalog audit is still recommended.,no_relevant_graduate_field,Official institutional scope is music; no computing research graduate degree identified.,,,,O19359010884,Complete for federal graduate-DLI flag; required for unresolved name/program screens,Collapsed 1 IRCC campus rows. Cities: Montréal. CICIC match score=0.846; ROR match score=0.652.
ca:dli:O19359010910,Conservatoire de musique de Rimouski,Conservatoire de musique de Rimouski,Canada,Canada — Quebec,Public institution,Current IRCC public graduate DLI; exact CICIC name match unresolved,current,,IRCC DLI + CICIC live directory + ROR v2 cross-reference,IRCC page modified 2026-09-01; CICIC live directory; ROR API v2,2026-09-09,Verified by IRCC public-DLI graduate-program flag (master's/doctorate degree programs),Negative specialty/title screen; a manual catalog audit is still recommended.,no_relevant_graduate_field,Official institutional scope is music; no computing research graduate degree identified.,,,,O19359010910,Complete for federal graduate-DLI flag; required for unresolved name/program screens,Collapsed 1 IRCC campus rows. Cities: Rimouski. CICIC match score=0.692; ROR match score=0.652.
ca:dli:O19359010924,Conservatoire de musique de Trois-Rivières,Conservatoire de musique de Trois-Rivières,Canada,Canada — Quebec,Public institution,Current IRCC public graduate DLI; exact CICIC name match unresolved,current,,IRCC DLI + CICIC live directory + ROR v2 cross-reference,IRCC page modified 2026-09-01; CICIC live directory; ROR API v2,2026-09-09,Verified by IRCC public-DLI graduate-program flag (master's/doctorate degree programs),Negative specialty/title screen; a manual catalog audit is still recommended.,no_relevant_graduate_field,Official institutional scope is music; no computing research graduate degree identified.,,,,O19359010924,Complete for federal graduate-DLI flag; required for unresolved name/program screens,Collapsed 1 IRCC campus rows. Cities: Trois-Rivières. CICIC match score=0.684; ROR match score=0.684.
ca:dli:O19359010937,Conservatoire de musique de Val-d'Or,Conservatoire de musique de Val-d'Or,Canada,Canada — Quebec,Public institution,Current IRCC public graduate DLI; exact CICIC name match unresolved,current,,IRCC DLI + CICIC live directory + ROR v2 cross-reference,IRCC page modified 2026-09-01; CICIC live directory; ROR API v2,2026-09-09,Verified by IRCC public-DLI graduate-program flag (master's/doctorate degree programs),Negative specialty/title screen; a manual catalog audit is still recommended.,no_relevant_graduate_field,Official institutional scope is music; no computing research graduate degree identified.,,,,O19359010937,Complete for federal graduate-DLI flag; required for unresolved name/program screens,Collapsed 1 IRCC campus rows. Cities: Val-d'Or. CICIC match score=0.692; ROR match score=0.652.
ca:dli:O253199102048,Faculté de théologie évangélique,Faculté de Théologie Évangélique de l’Université Acadia,Canada,Canada — Quebec,Private institution,CICIC Recognized (Non-profit theological school),current,,IRCC DLI + CICIC live directory + ROR v2 cross-reference,IRCC page modified 2026-09-01; CICIC live directory; ROR API v2,2026-09-09,Verified by IRCC public-DLI graduate-program flag (master's/doctorate degree programs),No verified positive research-program signal in this bounded mechanical pass; no negative conclusion drawn.,indexed,,,,,O253199102048,Complete for federal graduate-DLI flag; required for unresolved name/program screens,Collapsed 1 IRCC campus rows. Cities: Montréal. CICIC match score=1.000; ROR match score=0.635.
ca:dli:O19359011185,Institut national de la recherche scientifique,Institut national de la recherche scientifique,Canada,Canada — Quebec,Public institution,CICIC Recognized (Public university),current,https://inrs.ca,IRCC DLI + CICIC live directory + ROR v2 cross-reference,IRCC page modified 2026-09-01; CICIC live directory; ROR API v2,2026-09-09,Verified by IRCC public-DLI graduate-program flag (master's/doctorate degree programs),Official page verifies a research/thesis route: Maîtrise en télécommunications.,preliminary_fit,,https://ror.org/04td37d32,,,O19359011185,Complete for federal graduate-DLI flag; required for unresolved name/program screens,Collapsed 1 IRCC campus rows. Cities: Québec. CICIC match score=1.000; ROR match score=1.000.
ca:dli:O19359011033,McGill University,McGill University,Canada,Canada — Quebec,Public institution,CICIC Recognized (Public university),current,https://www.mcgill.ca,IRCC DLI + CICIC live directory + ROR v2 cross-reference,IRCC page modified 2026-09-01; CICIC live directory; ROR API v2,2026-09-09,Verified by IRCC public-DLI graduate-program flag (master's/doctorate degree programs),"Relevant program seed found, but the official page was blocked or lacked the required mechanical signals.",indexed,,https://ror.org/01pxwe438,,,O19359011033,Complete for federal graduate-DLI flag; required for unresolved name/program screens,Collapsed 2 IRCC campus rows. Cities: Montréal | Sainte-Anne-de-Bellevue. CICIC match score=1.000; ROR match score=1.000.
ca:dli:O19359201245,Télé-université,Télé-université,Canada,Canada — Quebec,Public institution,CICIC Recognized (Public university),current,https://www.teluq.ca,IRCC DLI + CICIC live directory + ROR v2 cross-reference,IRCC page modified 2026-09-01; CICIC live directory; ROR API v2,2026-09-09,Verified by IRCC public-DLI graduate-program flag (master's/doctorate degree programs),No verified positive research-program signal in this bounded mechanical pass; no negative conclusion drawn.,indexed,,https://ror.org/007y6q934,,,O19359201245,Complete for federal graduate-DLI flag; required for unresolved name/program screens,Collapsed 1 IRCC campus rows. Cities: Québec. CICIC match score=1.000; ROR match score=1.000.
ca:dli:O19359011045,Université de Montréal,Université de Montréal,Canada,Canada — Quebec,Public institution,CICIC Recognized (Public university),current,https://www.umontreal.ca,IRCC DLI + CICIC live directory + ROR v2 cross-reference,IRCC page modified 2026-09-01; CICIC live directory; ROR API v2,2026-09-09,Verified by IRCC public-DLI graduate-program flag (master's/doctorate degree programs),Official page verifies a research/thesis route: Maîtrise en informatique.,preliminary_fit,,https://ror.org/0161xgx34,,,O19359011045,Complete for federal graduate-DLI flag; required for unresolved name/program screens,Collapsed 1 IRCC campus rows. Cities: Montréal. CICIC match score=1.000; ROR match score=1.000.
ca:dli:O19359011083,Université de Sherbrooke,Université de Sherbrooke,Canada,Canada — Quebec,Public institution,CICIC Recognized (Public university),current,https://www.usherbrooke.ca,IRCC DLI + CICIC live directory + ROR v2 cross-reference,IRCC page modified 2026-09-01; CICIC live directory; ROR API v2,2026-09-09,Verified by IRCC public-DLI graduate-program flag (master's/doctorate degree programs),Official page verifies a research/thesis route: Maîtrise en informatique.,preliminary_fit,,https://ror.org/00kybxq39,,,O19359011083,Complete for federal graduate-DLI flag; required for unresolved name/program screens,Collapsed 1 IRCC campus rows. Cities: Sherbrooke. CICIC match score=1.000; ROR match score=1.000.
ca:dli:O19359011096,Université du Québec,Université du Québec,Canada,Canada — Quebec,Public institution,CICIC Recognized (Public university),current,http://www.uquebec.ca,IRCC DLI + CICIC live directory + ROR v2 cross-reference,IRCC page modified 2026-09-01; CICIC live directory; ROR API v2,2026-09-09,Verified by IRCC public-DLI graduate-program flag (master's/doctorate degree programs),No verified positive research-program signal in this bounded mechanical pass; no negative conclusion drawn.,indexed,,https://ror.org/010gxg263,,,O19359011096,Complete for federal graduate-DLI flag; required for unresolved name/program screens,Collapsed 1 IRCC campus rows. Cities: Québec. CICIC match score=1.000; ROR match score=1.000.
ca:dli:O19359011109,Université du Québec en Abitibi-Témiscamingue,Université du Québec en Abitibi-Témiscamingue,Canada,Canada — Quebec,Public institution,CICIC Recognized (Public university),current,https://www.uqat.ca,IRCC DLI + CICIC live directory + ROR v2 cross-reference,IRCC page modified 2026-09-01; CICIC live directory; ROR API v2,2026-09-09,Verified by IRCC public-DLI graduate-program flag (master's/doctorate degree programs),No verified positive research-program signal in this bounded mechanical pass; no negative conclusion drawn.,indexed,,https://ror.org/02mqrrm75,,,O19359011109,Complete for federal graduate-DLI flag; required for unresolved name/program screens,Collapsed 1 IRCC campus rows. Cities: Rouyn-Noranda. CICIC match score=1.000; ROR match score=1.000.
ca:dli:O19359011146,Université du Québec en Outaouais,Université du Québec en Outaouais Pavillon Alexandre-Taché,Canada,Canada — Quebec,Public institution,CICIC Recognized (Public university),current,https://uqo.ca,IRCC DLI + CICIC live directory + ROR v2 cross-reference,IRCC page modified 2026-09-01; CICIC live directory; ROR API v2,2026-09-09,Verified by IRCC public-DLI graduate-program flag (master's/doctorate degree programs),No verified positive research-program signal in this bounded mechanical pass; no negative conclusion drawn.,indexed,,https://ror.org/011pqxa69,,,O19359011146,Complete for federal graduate-DLI flag; required for unresolved name/program screens,Collapsed 1 IRCC campus rows. Cities: Gatineau. CICIC match score=1.000; ROR match score=1.000.
ca:dli:O19359011122,Université du Québec à Chicoutimi,Université du Québec à Chicoutimi,Canada,Canada — Quebec,Public institution,CICIC Recognized (Public university),current,,IRCC DLI + CICIC live directory + ROR v2 cross-reference,IRCC page modified 2026-09-01; CICIC live directory; ROR API v2,2026-09-09,Verified by IRCC public-DLI graduate-program flag (master's/doctorate degree programs),"Relevant program seed found, but the official page was blocked or lacked the required mechanical signals.",indexed,,,,,O19359011122,Complete for federal graduate-DLI flag; required for unresolved name/program screens,Collapsed 1 IRCC campus rows. Cities: Saguenay. CICIC match score=1.000; ROR match score=0.844.
ca:dli:O19359011134,Université du Québec à Montréal,Université du Québec à Montréal,Canada,Canada — Quebec,Public institution,CICIC Recognized (Public university),current,https://uqam.ca,IRCC DLI + CICIC live directory + ROR v2 cross-reference,IRCC page modified 2026-09-01; CICIC live directory; ROR API v2,2026-09-09,Verified by IRCC public-DLI graduate-program flag (master's/doctorate degree programs),"Relevant program seed found, but the official page was blocked or lacked the required mechanical signals.",indexed,,https://ror.org/002rjbv21,,,O19359011134,Complete for federal graduate-DLI flag; required for unresolved name/program screens,Collapsed 1 IRCC campus rows. Cities: Montréal. CICIC match score=1.000; ROR match score=1.000.
ca:dli:O19359011159,Université du Québec à Rimouski,Université du Québec à Rimouski,Canada,Canada — Quebec,Public institution,CICIC Recognized (Public university),current,https://www.uqar.ca,IRCC DLI + CICIC live directory + ROR v2 cross-reference,IRCC page modified 2026-09-01; CICIC live directory; ROR API v2,2026-09-09,Verified by IRCC public-DLI graduate-program flag (master's/doctorate degree programs),No verified positive research-program signal in this bounded mechanical pass; no negative conclusion drawn.,indexed,,https://ror.org/049jtt335,,,O19359011159,Complete for federal graduate-DLI flag; required for unresolved name/program screens,Collapsed 1 IRCC campus rows. Cities: Rimouski. CICIC match score=1.000; ROR match score=1.000.
ca:dli:O19359011172,Université du Québec à Trois-Rivières,Université du Québec à Trois-Rivières,Canada,Canada — Quebec,Public institution,CICIC Recognized (Public university),current,https://www.uqtr.ca,IRCC DLI + CICIC live directory + ROR v2 cross-reference,IRCC page modified 2026-09-01; CICIC live directory; ROR API v2,2026-09-09,Verified by IRCC public-DLI graduate-program flag (master's/doctorate degree programs),No verified positive research-program signal in this bounded mechanical pass; no negative conclusion drawn.,indexed,,https://ror.org/02xrw9r68,,,O19359011172,Complete for federal graduate-DLI flag; required for unresolved name/program screens,Collapsed 1 IRCC campus rows. Cities: Trois-Rivières. CICIC match score=1.000; ROR match score=1.000.
ca:dli:O19359011020,Université Laval,Université Laval,Canada,Canada — Quebec,Public institution,CICIC Recognized (Public university),current,https://www.ulaval.ca,IRCC DLI + CICIC live directory + ROR v2 cross-reference,IRCC page modified 2026-09-01; CICIC live directory; ROR API v2,2026-09-09,Verified by IRCC public-DLI graduate-program flag (master's/doctorate degree programs),Official page verifies a research/thesis route: Maîtrise en informatique avec mémoire.,preliminary_fit,,https://ror.org/04sjchr03,,,O19359011020,Complete for federal graduate-DLI flag; required for unresolved name/program screens,Collapsed 1 IRCC campus rows. Cities: Québec. CICIC match score=1.000; ROR match score=1.000.
ca:dli:O19359201210,École de technologie supérieure,École de technologie supérieure,Canada,Canada — Quebec,Public institution,CICIC Recognized (Public university),current,https://www.etsmtl.ca,IRCC DLI + CICIC live directory + ROR v2 cross-reference,IRCC page modified 2026-09-01; CICIC live directory; ROR API v2,2026-09-09,Verified by IRCC public-DLI graduate-program flag (master's/doctorate degree programs),Official page verifies a research/thesis route: Maîtrise en génie des technologies de l'information.,preliminary_fit,,https://ror.org/0020snb74,,,O19359201210,Complete for federal graduate-DLI flag; required for unresolved name/program screens,Collapsed 1 IRCC campus rows. Cities: Montréal. CICIC match score=1.000; ROR match score=1.000.
ca:dli:O19359011058,École des Hautes Études Commerciales de Montréal (HEC Montréal),École des Hautes Études Commerciales de Montréal (HEC Montréal),Canada,Canada — Quebec,Public institution,CICIC Recognized (Public university),current,https://www.hec.ca,IRCC DLI + CICIC live directory + ROR v2 cross-reference,IRCC page modified 2026-09-01; CICIC live directory; ROR API v2,2026-09-09,Verified by IRCC public-DLI graduate-program flag (master's/doctorate degree programs),No verified positive research-program signal in this bounded mechanical pass; no negative conclusion drawn.,indexed,,https://ror.org/05ww3wq27,,,O19359011058,Complete for federal graduate-DLI flag; required for unresolved name/program screens,Collapsed 1 IRCC campus rows. Cities: Montréal. CICIC match score=1.000; ROR match score=1.000.
ca:dli:O19359011197,École nationale d'administration publique,École nationale d'administration publique,Canada,Canada — Quebec,Public institution,CICIC Recognized (Public university),current,https://enap.ca,IRCC DLI + CICIC live directory + ROR v2 cross-reference,IRCC page modified 2026-09-01; CICIC live directory; ROR API v2,2026-09-09,Verified by IRCC public-DLI graduate-program flag (master's/doctorate degree programs),Negative specialty/title screen; a manual catalog audit is still recommended.,no_relevant_graduate_field,Official institutional scope is public administration; no computing research graduate degree identified.,https://ror.org/05wwfbb42,,,O19359011197,Complete for federal graduate-DLI flag; required for unresolved name/program screens,Collapsed 1 IRCC campus rows. Cities: Québec. CICIC match score=1.000; ROR match score=1.000.
ca:dli:O19359011070,École Polytechnique de Montréal,École Polytechnique de Montréal,Canada,Canada — Quebec,Public institution,CICIC Recognized (Public university),current,https://polymtl.ca,IRCC DLI + CICIC live directory + ROR v2 cross-reference,IRCC page modified 2026-09-01; CICIC live directory; ROR API v2,2026-09-09,Verified by IRCC public-DLI graduate-program flag (master's/doctorate degree programs),"Relevant program seed found, but the official page was blocked or lacked the required mechanical signals.",indexed,,https://ror.org/05f8d4e86,,,O19359011070,Complete for federal graduate-DLI flag; required for unresolved name/program screens,Collapsed 1 IRCC campus rows. Cities: Montréal. CICIC match score=1.000; ROR match score=1.000.
ca:dli:O122051172047,College of Emmanuel and St Chad,College of Emmanuel and St Chad,Canada,Canada — Saskatchewan,Public institution,CICIC Recognized (Public theological school),current,,IRCC DLI + CICIC live directory + ROR v2 cross-reference,IRCC page modified 2026-09-01; CICIC live directory; ROR API v2,2026-09-09,Verified by IRCC public-DLI graduate-program flag (master's/doctorate degree programs),Negative specialty/title screen; a manual catalog audit is still recommended.,no_relevant_graduate_field,Official institutional scope is theology; no computing research graduate degree identified.,,,,O122051172047,Complete for federal graduate-DLI flag; required for unresolved name/program screens,Collapsed 1 IRCC campus rows. Cities: Saskatoon. CICIC match score=1.000; ROR match score=0.622.
ca:dli:O214426376877,Horizon College and Seminary Inc.,Horizon College and Seminary Inc.,Canada,Canada — Saskatchewan,Public institution,CICIC Recognized (Public theological school),current,http://www.horizon.edu/,IRCC DLI + CICIC live directory + ROR v2 cross-reference,IRCC page modified 2026-09-01; CICIC live directory; ROR API v2,2026-09-09,Verified by IRCC public-DLI graduate-program flag (master's/doctorate degree programs),Negative specialty/title screen; a manual catalog audit is still recommended.,no_relevant_graduate_field,Official institutional scope is theology; no computing research graduate degree identified.,https://ror.org/01sjjfh02,,,O214426376877,Complete for federal graduate-DLI flag; required for unresolved name/program screens,Collapsed 1 IRCC campus rows. Cities: Saskatoon. CICIC match score=1.000; ROR match score=1.000.
ca:dli:O213779356297,Lutheran Theological Seminary,Lutheran Theological Seminary,Canada,Canada — Saskatchewan,Public institution,CICIC Recognized (Public theological school),current,,IRCC DLI + CICIC live directory + ROR v2 cross-reference,IRCC page modified 2026-09-01; CICIC live directory; ROR API v2,2026-09-09,Verified by IRCC public-DLI graduate-program flag (master's/doctorate degree programs),Negative specialty/title screen; a manual catalog audit is still recommended.,no_relevant_graduate_field,Official institutional scope is theology; no computing research graduate degree identified.,,,,O213779356297,Complete for federal graduate-DLI flag; required for unresolved name/program screens,Collapsed 1 IRCC campus rows. Cities: Saskatoon. CICIC match score=1.000; ROR match score=0.627.
ca:dli:O19425521849,Saskatchewan Polytechnic,Saskatchewan Polytechnic,Canada,Canada — Saskatchewan,Public institution,Current IRCC public graduate DLI; exact CICIC name match unresolved,current,,IRCC DLI + CICIC live directory + ROR v2 cross-reference,IRCC page modified 2026-09-01; CICIC live directory; ROR API v2,2026-09-09,Verified by IRCC public-DLI graduate-program flag (master's/doctorate degree programs),No verified positive research-program signal in this bounded mechanical pass; no negative conclusion drawn.,indexed,,,,,O19425521849,Complete for federal graduate-DLI flag; required for unresolved name/program screens,Collapsed 4 IRCC campus rows. Cities: Moose Jaw | Prince Albert | Regina | Saskatoon. CICIC match score=0.493; ROR match score=0.667.
ca:dli:O212421811707,St. Andrew’s College,St. Andrew’s College,Canada,Canada — Saskatchewan,Public institution,CICIC Recognized (Public theological school),current,,IRCC DLI + CICIC live directory + ROR v2 cross-reference,IRCC page modified 2026-09-01; CICIC live directory; ROR API v2,2026-09-09,Verified by IRCC public-DLI graduate-program flag (master's/doctorate degree programs),Negative specialty/title screen; a manual catalog audit is still recommended.,no_relevant_graduate_field,Official institutional scope is theology; no computing research graduate degree identified.,,,,O212421811707,Complete for federal graduate-DLI flag; required for unresolved name/program screens,Collapsed 1 IRCC campus rows. Cities: Saskatoon. CICIC match score=0.973; ROR match score=0.765.
ca:dli:O19425660270,University of Regina,"University of Regina, including Campion College, First Nations University of Canada and Luther College",Canada,Canada — Saskatchewan,Public institution,CICIC Recognized (Public university),current,https://www.uregina.ca,IRCC DLI + CICIC live directory + ROR v2 cross-reference,IRCC page modified 2026-09-01; CICIC live directory; ROR API v2,2026-09-09,Verified by IRCC public-DLI graduate-program flag (master's/doctorate degree programs),No verified positive research-program signal in this bounded mechanical pass; no negative conclusion drawn.,indexed,,https://ror.org/03dzc0485,,,O19425660270,Complete for federal graduate-DLI flag; required for unresolved name/program screens,Collapsed 1 IRCC campus rows. Cities: Regina. CICIC match score=1.000; ROR match score=1.000.
ca:dli:O19425660421,University of Saskatchewan,"University of Saskatchewan, including St. Thomas More College",Canada,Canada — Saskatchewan,Public institution,CICIC Recognized (Public university),current,https://www.usask.ca/,IRCC DLI + CICIC live directory + ROR v2 cross-reference,IRCC page modified 2026-09-01; CICIC live directory; ROR API v2,2026-09-09,Verified by IRCC public-DLI graduate-program flag (master's/doctorate degree programs),Official page verifies a research/thesis route: MSc in Computer Science.,preliminary_fit,,https://ror.org/010x8gc63,,,O19425660421,Complete for federal graduate-DLI flag; required for unresolved name/program screens,Collapsed 1 IRCC campus rows. Cities: Saskatoon. CICIC match score=1.000; ROR match score=1.000.
ca:dli:O19604209351,Yukon University,Yukon University,Canada,Canada — Yukon,Public institution,CICIC Recognized (Public university),current,https://www.yukonu.ca/,IRCC DLI + CICIC live directory + ROR v2 cross-reference,IRCC page modified 2026-09-01; CICIC live directory; ROR API v2,2026-09-09,Verified by IRCC public-DLI graduate-program flag (master's/doctorate degree programs),No verified positive research-program signal in this bounded mechanical pass; no negative conclusion drawn.,indexed,,https://ror.org/040w4gz36,,,O19604209351,Complete for federal graduate-DLI flag; required for unresolved name/program screens,Collapsed 12 IRCC campus rows. Cities: Carcross | Carmacks | Dawson City | Faro | Haines Junction | Mayo | Old Crow | Pelly Crossing | Ross River | Teslin | Watson Lake | Whitehorse. CICIC match score=1.000; ROR match score=1.000.
