institution_id,institution_name,country,program_id,program_name,stage_of_exclusion,primary_exclusion_reason,supporting_evidence,source_url,confidence,manual_verification,date_checked
us:ipeds:139755,Georgia Institute of Technology-Main Campus,United States,us:ipeds:139755:program:phd:computer-science-phd,Computer Science PhD,deep_review_downgrade,Funding package is not verified as guaranteed for every admitted CS PhD student,"Funding opportunities are linked, but no CS-wide multi-year guarantee was located Biggest risk: Potential admission without a sufficiently explicit support package",https://gradapp.gatech.edu/portal/program-info?cmd=view-program&program=169bcfc7-d134-ed0b-40e7-12bc93147f9a,Medium,Yes — official program/admissions/funding pages checked,2026-09-09
us:ipeds:232186,George Mason University,United States,us:ipeds:232186:program:phd:computer-science-phd,Computer Science PhD,deep_review_downgrade,Fall 2027 deadline and a credible full-support commitment were not verified,No current department-wide multi-year guarantee located Biggest risk: Funding and cycle uncertainty,https://cs.gmu.edu/academics/graduate-programs,Medium,Yes — official program/admissions/funding pages checked,2026-09-09
us:ipeds:214777,Pennsylvania State University-Main Campus,United States,us:ipeds:214777:program:phd:computer-science-and-engineering-phd,Computer Science and Engineering PhD,deep_review_downgrade,No multi-year funding guarantee; summer and renewal are explicitly uncertain,"Appointments can include stipend, tuition, and 80% health premium; renewal and summer support are not guaranteed Biggest risk: Annual funding renewal and uncovered health/fees",https://www.eecs.psu.edu/students/graduate/Graduate-Degree-Programs-CSE.aspx,Medium,Yes — official program/admissions/funding pages checked,2026-09-09
us:ipeds:209542,Oregon State University,United States,us:ipeds:209542:program:phd:computer-science-phd,Computer Science PhD,deep_review_downgrade,"Exact Fall 2027 route is active, but full multi-year funding is not verified",No CS-wide full-funding guarantee located Biggest risk: Potentially unfunded or partially funded offer,https://engineering.oregonstate.edu/academics/programs/computer-science/graduate,Medium,Yes — official program/admissions/funding pages checked,2026-09-09
us:ipeds:110644,University of California-Davis,United States,us:ipeds:110644:program:phd:computer-science-phd,Computer Science PhD,deep_review_downgrade,No credible multi-year funding guarantee; official guidance warns later funding may be uncertain,Official international page says programs may offer first-year support but later funding is not assured Biggest risk: High fee plus multi-year funding uncertainty,https://grad.ucdavis.edu/programs/gcsi,Medium,Yes — official program/admissions/funding pages checked,2026-09-09
us:ipeds:243780,Purdue University-Main Campus,United States,us:ipeds:243780:program:phd:computer-science-phd,Computer Science PhD,deep_review_downgrade,The program explicitly permits admission without funding,"Applicants are automatically considered, but the program explicitly allows admission without funding Biggest risk: Unfunded admission is possible",https://www.cs.purdue.edu/graduate/admission/steps.html,Medium,Yes — official program/admissions/funding pages checked,2026-09-09
us:ipeds:181464,University of Nebraska-Lincoln,United States,us:ipeds:181464:program:phd:computer-science-phd,Computer Science PhD,deep_review_downgrade,Direct-from-bachelor wording and multi-year full funding remain insufficiently verified,"A financial-consideration deadline is published, but no department-wide funding guarantee was located Biggest risk: Eligibility wording and funding uncertainty",https://graduate.unl.edu/academics/programs/COMP-PHD/,Medium,Yes — official program/admissions/funding pages checked,2026-09-09
us:ipeds:228787,The University of Texas at Dallas,United States,us:ipeds:228787:program:phd:computer-science-phd,Computer Science PhD,deep_review_downgrade,The exact last-60-hour GPA calculation and a multi-year support commitment are unresolved,"FAQ says most TA decisions are associated with fall review, but no funding guarantee was located Biggest risk: Applicant may or may not meet the last-60-hour 3.5 rule; funding is unguaranteed",https://catalog.utdallas.edu/2026/graduate/programs/ecs/computer-science,Medium,Yes — official program/admissions/funding pages checked,2026-09-09
us:ipeds:201645,Case Western Reserve University,United States,us:ipeds:201645:program:phd:computer-science-phd,Computer Science PhD,deep_review_downgrade,Funding is explicitly selective rather than guaranteed for all admitted PhD students,Official program says selected incoming students are supported; no universal guarantee located Biggest risk: Could be admitted without full support,https://case.edu/programs/computer-science-phd,Medium,Yes — official program/admissions/funding pages checked,2026-09-09
