University,Program,Previous Status,Revised Status,Primary Exclusion Reason,Funding Problem,Eligibility Problem,Fit Problem,Application Economics Problem,Evidence URL,Reconsideration Condition
Washington University in St Louis,Computer Science PhD,Pass 2 active portfolio,Do Not Apply,Removed from the Pass 2 active portfolio because the funding/admission/economics combination is weaker than the selected 15 programs.,,,,"The fee or applicable waiver is high, unknown, or unverified.",https://admin.aprc.wustl.edu/academics/graduate-admissions/index.html,Reconsider only if direct official evidence materially improves the failed gate or application economics.
University of Colorado Boulder,Doctor of Philosophy in Computer Science,Pass 2 active portfolio,Do Not Apply,Removed from the Pass 2 active portfolio because the funding/admission/economics combination is weaker than the selected 15 programs.,,,,,https://www.colorado.edu/cs/graduate-admissions/faqs,Reconsider only if direct official evidence materially improves the failed gate or application economics.
University of Massachusetts-Amherst,Computer Science PhD,Pass 2 active portfolio,Do Not Apply,Removed from the Pass 2 active portfolio because the funding/admission/economics combination is weaker than the selected 15 programs.,,,,,https://www.cics.umass.edu/academics/academic-policies/graduate-programs-policies/msphd-degree-requirements/other-msphd-program-information,Reconsider only if direct official evidence materially improves the failed gate or application economics.
University of Minnesota-Twin Cities,PhD in Computer Science,Pass 2 active portfolio,Do Not Apply,Removed from the Pass 2 active portfolio because the funding/admission/economics combination is weaker than the selected 15 programs.,,,,,https://cse.umn.edu/cs/graduate-admissions-overview,Reconsider only if direct official evidence materially improves the failed gate or application economics.
Duke University,Computer Science PhD,Pass 2 active portfolio,Do Not Apply,Removed from the Pass 2 active portfolio because the funding/admission/economics combination is weaker than the selected 15 programs.,,,,"The fee or applicable waiver is high, unknown, or unverified.",https://cs.duke.edu/graduate/phd/financial,Reconsider only if direct official evidence materially improves the failed gate or application economics.
Northeastern University,Computer Science PhD,Pass 2 active portfolio,Do Not Apply,Removed from the Pass 2 active portfolio because the funding/admission/economics combination is weaker than the selected 15 programs.,,,,"The fee or applicable waiver is high, unknown, or unverified.",https://devsite.khoury.northeastern.edu/apply/phd-apply/financial-support-for-phd-students/,Reconsider only if direct official evidence materially improves the failed gate or application economics.
Johns Hopkins University,Doctor of Philosophy in Computer Science,Pass 2 active portfolio,Do Not Apply,Removed from the Pass 2 active portfolio because the funding/admission/economics combination is weaker than the selected 15 programs.,,,,,https://www.cs.jhu.edu/academic-programs/graduate-studies/phd-program/phd-admissions-faqs/,Reconsider only if direct official evidence materially improves the failed gate or application economics.
Northwestern University,Doctor of Philosophy in Computer Science,Pass 2 active portfolio,Do Not Apply,Removed from the Pass 2 active portfolio because the funding/admission/economics combination is weaker than the selected 15 programs.,,,,,https://www.mccormick.northwestern.edu/computer-science/resources/student/phd.html,Reconsider only if direct official evidence materially improves the failed gate or application economics.
University of Illinois Chicago,PhD in Computer Science,Pass 2 active portfolio,Conditional,Do not apply until the final-60 GPA is calculated and the cycle fee is published.,Guaranteed five-year academic-year funding,,,"The fee or applicable waiver is high, unknown, or unverified.",https://cs.uic.edu/graduate/admissions/phd/,"Does Mitch's exact final-60-semester-hour GPA meet UIC's 3.50 requirement, and will the Fall 2027 fee reduction recur?"
University of Michigan-Ann Arbor,Computer Science and Engineering PhD,Pass 2 active portfolio,Do Not Apply,Removed from the Pass 2 active portfolio because the funding/admission/economics combination is weaker than the selected 15 programs.,,,,"The fee or applicable waiver is high, unknown, or unverified.",https://cse.engin.umich.edu/academics/graduate/admissions/,Reconsider only if direct official evidence materially improves the failed gate or application economics.
Brown University,Computer Science PhD,Pass 2 active portfolio,Do Not Apply,Removed from the Pass 2 active portfolio because the funding/admission/economics combination is weaker than the selected 15 programs.,,,,"The fee or applicable waiver is high, unknown, or unverified.",https://cs.brown.edu/degrees/doctoral/,Reconsider only if direct official evidence materially improves the failed gate or application economics.
Trent University,MSc in Applied Modelling and Quantitative Methods — Thesis Stream,Pass 2 active portfolio,Conditional,Do not apply until the guaranteed net amount is confirmed.,Net-cost conditional funding,,,"The fee or applicable waiver is high, unknown, or unverified.",https://www.trentu.ca/graduatestudies/funding-tuition/funding,What guaranteed two-year amount remains after international tuition and fees for this thesis-stream MSc?
University of Toronto,Master of Applied Science in Electrical and Computer Engineering,Pass 2 active portfolio,Do Not Apply,Removed from the Pass 2 active portfolio because the funding/admission/economics combination is weaker than the selected 15 programs.,,,,"The fee or applicable waiver is high, unknown, or unverified.",https://www.ece.utoronto.ca/graduates/,Reconsider only if direct official evidence materially improves the failed gate or application economics.
University of Waterloo,Master of Applied Science in Electrical and Computer Engineering,Pass 2 active portfolio,Do Not Apply,Removed from the Pass 2 active portfolio because the funding/admission/economics combination is weaker than the selected 15 programs.,,,,"The fee or applicable waiver is high, unknown, or unverified.",https://uwaterloo.ca/electrical-computer-engineering/thinking-applying,Reconsider only if direct official evidence materially improves the failed gate or application economics.
York University,Master of Science in Computer Science — Thesis Option,Pass 2 active portfolio,Do Not Apply,Removed from the Pass 2 active portfolio because the funding/admission/economics combination is weaker than the selected 15 programs.,,,,"The fee or applicable waiver is high, unknown, or unverified.",https://lassonde.yorku.ca/academics/graduate-program-in-computer-science,Reconsider only if direct official evidence materially improves the failed gate or application economics.
Iowa State University,Computer Science PhD,Pass 2 gated out,Do Not Apply,Pass 2.1 does not justify application spending; unresolved or failed areas: funding.,Funding remains conditional or insufficient.,,,,https://www.cs.iastate.edu/graduate-studies/phd-application-requirements,Reconsider only if direct official evidence materially improves the failed gate or application economics.
Rice University,Doctor of Philosophy in Computer Science,Pass 2 gated out,Do Not Apply,Pass 2.1 does not justify application spending; unresolved or failed areas: funding.,Funding passes claim-level review but does not overcome the remaining portfolio weaknesses.,,,,https://compsci.rice.edu/academics/graduate-programs/graduate-admission,Reconsider only if direct official evidence materially improves the failed gate or application economics.
University of Notre Dame,Computer Science and Engineering PhD,Pass 2 gated out,Do Not Apply,Pass 2.1 does not justify application spending; unresolved or failed areas: funding.,Funding remains conditional or insufficient.,,,,https://engineering.nd.edu/departments-programs/graduate-programs/phd-in-computer-science-and-engineering/,Reconsider only if direct official evidence materially improves the failed gate or application economics.
Case Western Reserve University,Computer Science PhD,Pass 2 gated out,Do Not Apply,Pass 2.1 does not justify application spending; unresolved or failed areas: funding.,Funding remains conditional or insufficient.,,,,https://case.edu/engineering/computer-and-data-sciences/academics/computing-science/doctor-philosophy-0,Reconsider only if direct official evidence materially improves the failed gate or application economics.
Colorado State University-Fort Collins,"Computer Science, Ph.D.",Pass 2 gated out,Do Not Apply,Pass 2.1 does not justify application spending; unresolved or failed areas: funding.,Funding remains conditional or insufficient.,,,,https://compsci.colostate.edu/graduate-application/,Reconsider only if direct official evidence materially improves the failed gate or application economics.
Concordia University,Master of Applied Science in Software Engineering,Pass 2 gated out,Do Not Apply,Pass 2.1 does not justify application spending; unresolved or failed areas: funding.,Funding remains conditional or insufficient.,,,,https://www.concordia.ca/academics/graduate/software-engineering-masc.html,Reconsider only if direct official evidence materially improves the failed gate or application economics.
Ohio State University-Main Campus,Doctor of Philosophy in Computer Science and Engineering,Pass 2 gated out,Do Not Apply,Pass 2.1 does not justify application spending; unresolved or failed areas: funding.,Funding remains conditional or insufficient.,,,,https://cse.osu.edu/prospective-students/graduate/graduate/funding,Reconsider only if direct official evidence materially improves the failed gate or application economics.
Pennsylvania State University-Main Campus,Computer Science and Engineering PhD,Pass 2 gated out,Do Not Apply,Pass 2.1 does not justify application spending; unresolved or failed areas: funding.,Funding remains conditional or insufficient.,,,"The fee or applicable waiver is high, unknown, or unverified.",https://www.eecs.psu.edu/Students/graduate/EECS-students-graduate-funding-opportunities.aspx,Reconsider only if direct official evidence materially improves the failed gate or application economics.
Purdue University-Main Campus,Computer Science PhD,Pass 2 gated out,Do Not Apply,Pass 2.1 does not justify application spending; unresolved or failed areas: funding.,Funding remains conditional or insufficient.,,,"The fee or applicable waiver is high, unknown, or unverified.",https://www.cs.purdue.edu/graduate/admission/steps.html,Reconsider only if direct official evidence materially improves the failed gate or application economics.
The University of Tennessee-Knoxville,"Computer Science, PhD",Pass 2 gated out,Do Not Apply,Pass 2.1 does not justify application spending; unresolved or failed areas: funding.,Funding remains conditional or insufficient.,,,,https://eecs.utk.edu/graduate/graduate-admissions/,Reconsider only if direct official evidence materially improves the failed gate or application economics.
The University of Texas at Austin,Computer Science PhD,Pass 2 gated out,Do Not Apply,Pass 2.1 does not justify application spending; unresolved or failed areas: funding.,Funding remains conditional or insufficient.,,,"The fee or applicable waiver is high, unknown, or unverified.",https://www.cs.utexas.edu/graduate/cost-and-aid,Reconsider only if direct official evidence materially improves the failed gate or application economics.
University at Albany,Doctor of Philosophy in Computer Science,Pass 2 gated out,Do Not Apply,Pass 2.1 does not justify application spending; unresolved or failed areas: funding.,Funding remains conditional or insufficient.,,,,https://www.albany.edu/computer-science/programs/phd-computer-science,Reconsider only if direct official evidence materially improves the failed gate or application economics.
University of Central Florida,Computer Science PhD,Pass 2 gated out,Do Not Apply,Pass 2.1 does not justify application spending; unresolved or failed areas: funding.,Funding remains conditional or insufficient.,,,,https://graduate.ucf.edu/graduate-assistantships/,Reconsider only if direct official evidence materially improves the failed gate or application economics.
University of Houston,Ph.D. in Computer Science,Pass 2 gated out,Do Not Apply,Pass 2.1 does not justify application spending; unresolved or failed areas: funding.,Funding remains conditional or insufficient.,,,,https://www.uh.edu/nsm/computer-science/graduate/admissions/funding/,Reconsider only if direct official evidence materially improves the failed gate or application economics.
University of Maryland-Baltimore County,Ph.D. in Computer Science,Pass 2 gated out,Do Not Apply,Pass 2.1 does not justify application spending; unresolved or failed areas: funding.,Funding remains conditional or insufficient.,,,,https://www.csee.umbc.edu/admission/,Reconsider only if direct official evidence materially improves the failed gate or application economics.
University of Maryland-College Park,Computer Science PhD,Pass 2 gated out,Do Not Apply,Pass 2.1 does not justify application spending; unresolved or failed areas: funding.,Funding remains conditional or insufficient.,,,,https://www.cs.umd.edu/grad/admissions-faq,Reconsider only if direct official evidence materially improves the failed gate or application economics.
University of New Mexico-Main Campus,Ph.D. in Computer Science,Pass 2 gated out,Do Not Apply,Pass 2.1 does not justify application spending; unresolved or failed areas: funding.,Funding remains conditional or insufficient.,,,,https://www.cs.unm.edu/admissions/financial-aid.html,Reconsider only if direct official evidence materially improves the failed gate or application economics.
William & Mary,Computer Science PhD,Pass 2 gated out,Conditional,Do not spend the fee until the funded-admit rule and duration are confirmed.,Conditional funding,,,,https://cdsp.wm.edu/admissions/graduate/,"Does every Fall 2027 Computer Science PhD admit receive a multi-year stipend and full tuition waiver, or can admission be offered without support?"
Howard University,Computer Science (Ph.D.),Pass 2 gated out,Do Not Apply,Pass 2.1 does not justify application spending; unresolved or failed areas: funding.,Funding remains conditional or insufficient.,,,"The fee or applicable waiver is high, unknown, or unverified.",https://gs.howard.edu/index.php/computer-science-phd,Reconsider only if direct official evidence materially improves the failed gate or application economics.
McGill University,Electrical Engineering (Thesis) (M.Sc.),Pass 2 gated out,Do Not Apply,Pass 2.1 does not justify application spending; unresolved or failed areas: funding.,Funding remains conditional or insufficient.,,,"The fee or applicable waiver is high, unknown, or unverified.",https://www.mcgill.ca/ece/graduate/fellowshipsandawards,Reconsider only if direct official evidence materially improves the failed gate or application economics.
Portland State University,Doctoral Degree in Computer Science (Ph.D.),Pass 2 gated out,Conditional,Do not apply until renewal terms are documented.,First-year-only conditional funding,,,"The fee or applicable waiver is high, unknown, or unverified.",https://web.cs.pdx.edu/phd-doctoral-degree-in-cs/,"Will a Fall 2027 offer guarantee renewable support after year one, including adequate insurance and summer coverage?"
Rensselaer Polytechnic Institute,Ph.D. in Computer Science,Pass 2 gated out,Conditional,Do not apply until universal or standard funded-admit treatment is confirmed.,Conditional funding,,,"The fee or applicable waiver is high, unknown, or unverified.",https://compsci.rpi.edu/programs/phd-computer-science,Is full tuition-and-stipend support guaranteed to every Fall 2027 Computer Science PhD admit for the full degree?
Southern Methodist University,Ph.D. in Computer Science,Pass 2 gated out,Do Not Apply,Pass 2.1 does not justify application spending; unresolved or failed areas: funding.,Funding remains conditional or insufficient.,,,"The fee or applicable waiver is high, unknown, or unverified.",https://grad.smu.edu/the-international-applicants-guide-to-a-phd,Reconsider only if direct official evidence materially improves the failed gate or application economics.
Texas A&M University-College Station,Doctor of Philosophy in Computer Science,Pass 2 gated out,Do Not Apply,Pass 2.1 does not justify application spending; unresolved or failed areas: funding.,Funding remains conditional or insufficient.,,,"The fee or applicable waiver is high, unknown, or unverified.",https://engineering.tamu.edu/cse/academics/degrees/graduate/faq.html,Reconsider only if direct official evidence materially improves the failed gate or application economics.
University of California-Davis,Computer Science PhD,Pass 2 gated out,Do Not Apply,Pass 2.1 does not justify application spending; unresolved or failed areas: funding.,Funding remains conditional or insufficient.,,,"The fee or applicable waiver is high, unknown, or unverified.",https://grad.ucdavis.edu/international-applicants,Reconsider only if direct official evidence materially improves the failed gate or application economics.
University of Kentucky,Doctoral Degree in Computer Science,Pass 2 gated out,Do Not Apply,Pass 2.1 does not justify application spending; unresolved or failed areas: funding.,Funding remains conditional or insufficient.,,,"The fee or applicable waiver is high, unknown, or unverified.",https://cs.engr.uky.edu/academics-1/graduate-studies/computer-science,Reconsider only if direct official evidence materially improves the failed gate or application economics.
University of Victoria,Master of Applied Science in Electrical and Computer Engineering,Pass 2 gated out,Do Not Apply,Pass 2.1 does not justify application spending; unresolved or failed areas: funding.,Funding remains conditional or insufficient.,,,"The fee or applicable waiver is high, unknown, or unverified.",https://www.uvic.ca/ecs/ece/future/graduate/awards-and-funding/index.php,Reconsider only if direct official evidence materially improves the failed gate or application economics.
Brandeis University,Doctor of Philosophy in Computer Science,Pass 2 gated out,Do Not Apply,Pass 2.1 does not justify application spending; unresolved or failed areas: funding.,Funding remains conditional or insufficient.,,,,https://www.brandeis.edu/gsas/financing/doctoral/index.html,Reconsider only if direct official evidence materially improves the failed gate or application economics.
Concordia University,Cybersecurity Engineering (MASc),Pass 2 gated out,Do Not Apply,Pass 2.1 does not justify application spending; unresolved or failed areas: funding.,Funding remains conditional or insufficient.,,,"The fee or applicable waiver is high, unknown, or unverified.",https://www.concordia.ca/academics/graduate/cybersecurity-engineering-masc.html,Reconsider only if direct official evidence materially improves the failed gate or application economics.
Emory University,Doctor of Philosophy in Computer Science and Informatics,Pass 2 gated out,Do Not Apply,Pass 2.1 does not justify application spending; unresolved or failed areas: funding.,Funding passes claim-level review but does not overcome the remaining portfolio weaknesses.,,,,https://computerscience.emory.edu/graduate-phd/admissions/index.html,Reconsider only if direct official evidence materially improves the failed gate or application economics.
George Washington University,PhD in Computer Science,Pass 2 gated out,Do Not Apply,Pass 2.1 does not justify application spending; unresolved or failed areas: funding.,Funding remains conditional or insufficient.,,,,https://graduate.engineering.gwu.edu/doctoral-funding-information,Reconsider only if direct official evidence materially improves the failed gate or application economics.
Michigan Technological University,"Computer Science, PhD",Pass 2 gated out,Do Not Apply,Funding remains conditional after claim-level review and does not support application spending now.,Funding remains conditional or insufficient.,,,"The fee or applicable waiver is high, unknown, or unverified.",https://www.mtu.edu/gradschool/financial/assistantships/,Reconsider only if direct official evidence materially improves the failed gate or application economics.
New Mexico Institute of Mining and Technology,Doctor of Philosophy in Computer Science,Pass 2 gated out,Do Not Apply,Pass 2.1 does not justify application spending; unresolved or failed areas: funding.,Funding remains conditional or insufficient.,,,,https://www.nmt.edu/gradstudies/Tuition_Remission.php,Reconsider only if direct official evidence materially improves the failed gate or application economics.
North Dakota State University-Main Campus,Doctor of Philosophy in Software and Security Engineering,Pass 2 gated out,Do Not Apply,Pass 2.1 does not justify application spending; unresolved or failed areas: funding.,Funding remains conditional or insufficient.,,,,https://catalog.ndsu.edu/past-bulletin-archive/2024-25/programs-study/graduate/software-engineering/software-engineering_admissionrequirementstext.pdf,Reconsider only if direct official evidence materially improves the failed gate or application economics.
Oklahoma State University-Main Campus,Doctor of Philosophy in Computer Science,Pass 2 gated out,Do Not Apply,Pass 2.1 does not justify application spending; unresolved or failed areas: funding.,Funding remains conditional or insufficient.,,,"The fee or applicable waiver is high, unknown, or unverified.",https://cas.okstate.edu/computer_science/graduate/phd_cs,Reconsider only if direct official evidence materially improves the failed gate or application economics.
Rochester Institute of Technology,Computing and Information Sciences PhD,Pass 2 gated out,Do Not Apply,Pass 2.1 does not justify application spending; unresolved or failed areas: funding.,Funding remains conditional or insufficient.,,,,https://www.rit.edu/study/computing-and-information-sciences-phd,Reconsider only if direct official evidence materially improves the failed gate or application economics.
Rutgers University-New Brunswick,"Computer Science (Ph.D.), New Brunswick",Pass 2 gated out,Do Not Apply,Pass 2.1 does not justify application spending; unresolved or failed areas: funding.,Funding remains conditional or insufficient.,,,,https://www.cs.rutgers.edu/academics/graduate/ph-d-program/financial-aid,Reconsider only if direct official evidence materially improves the failed gate or application economics.
Stony Brook University,PhD in Computer Science,Pass 2 gated out,Do Not Apply,Pass 2.1 does not justify application spending; unresolved or failed areas: funding.,Funding remains conditional or insufficient.,,,,https://www3.cs.stonybrook.edu/files/graduate/CSbrochure.pdf,Reconsider only if direct official evidence materially improves the failed gate or application economics.
Tennessee Technological University,Computer Science PhD,Pass 2 gated out,Do Not Apply,Pass 2.1 does not justify application spending; unresolved or failed areas: funding.,Funding remains conditional or insufficient.,,,"The fee or applicable waiver is high, unknown, or unverified.",https://www.tntech.edu/engineering/programs/csc/graduate-assistantships.php,Reconsider only if direct official evidence materially improves the failed gate or application economics.
The University of Texas at Arlington,Doctoral Degree in Computer Science/Computer Engineering,Pass 2 gated out,Do Not Apply,Pass 2.1 does not justify application spending; unresolved or failed areas: funding.,Funding remains conditional or insufficient.,,,,https://www.uta.edu/academics/schools-colleges/engineering/academics/departments/cse/phd,Reconsider only if direct official evidence materially improves the failed gate or application economics.
The University of Texas at Dallas,Computer Science PhD,Pass 2 gated out,Do Not Apply,Pass 2.1 does not justify application spending; unresolved or failed areas: funding.,Funding remains conditional or insufficient.,,,,https://cs.utdallas.edu/admissions/admissions-faq/,Reconsider only if direct official evidence materially improves the failed gate or application economics.
The University of Texas at El Paso,Doctor of Philosophy in Computer Science,Pass 2 gated out,Do Not Apply,Pass 2.1 does not justify application spending; unresolved or failed areas: funding.,Funding remains conditional or insufficient.,,,"The fee or applicable waiver is high, unknown, or unverified.",https://www.utep.edu/graduate/funding/doctoral-tuition-remission.html,Reconsider only if direct official evidence materially improves the failed gate or application economics.
University of Alabama at Birmingham,Ph.D. in Computer Science,Pass 2 gated out,Do Not Apply,Pass 2.1 does not justify application spending; unresolved or failed areas: funding.,Funding remains conditional or insufficient.,,,,https://www.uab.edu/cas/computerscience/graduate-programs/financial-aid,Reconsider only if direct official evidence materially improves the failed gate or application economics.
University of Alabama in Huntsville,"Computer Science, Ph.D.",Pass 2 gated out,Do Not Apply,Pass 2.1 does not justify application spending; unresolved or failed areas: funding.,Funding remains conditional or insufficient.,,,"The fee or applicable waiver is high, unknown, or unverified.",https://www.uah.edu/science/departments/computer-science/cs-graduate-programs,Reconsider only if direct official evidence materially improves the failed gate or application economics.
University of Cincinnati-Main Campus,Doctor of Philosophy in Computer Science and Engineering,Pass 2 gated out,Do Not Apply,Funding remains conditional after claim-level review and does not support application spending now.,Funding remains conditional or insufficient.,,,,https://www.ceas.uc.edu/admissions/graduate/faqs.html,Reconsider only if direct official evidence materially improves the failed gate or application economics.
University of Colorado Colorado Springs,"Cybersecurity, PhD",Pass 2 gated out,Do Not Apply,Pass 2.1 does not justify application spending; unresolved or failed areas: funding.,Funding remains conditional or insufficient.,,,"The fee or applicable waiver is high, unknown, or unverified.",https://academics.uccs.edu/~schang2/docs/Prospective_Students_UCCS_Systems_Security_Lab.pdf,Reconsider only if direct official evidence materially improves the failed gate or application economics.
University of Delaware,Ph.D. in Computer Science,Pass 2 gated out,Do Not Apply,Pass 2.1 does not justify application spending; unresolved or failed areas: funding.,Funding passes claim-level review but does not overcome the remaining portfolio weaknesses.,,,,https://www.udel.edu/academics/colleges/grad/prospective-students/programs/computer-science/,Reconsider only if direct official evidence materially improves the failed gate or application economics.
University of Florence,MSc in Software: Science and Technology,Pass 2 gated out,Do Not Apply,Funding remains conditional after claim-level review and does not support application spending now.,Funding remains conditional or insufficient.,,,,https://www.dsu.toscana.it/borsa-di-studio,Reconsider only if direct official evidence materially improves the failed gate or application economics.
University of Georgia,Doctor of Philosophy in Computer Science,Pass 2 gated out,Do Not Apply,Pass 2.1 does not justify application spending; unresolved or failed areas: funding.,Funding remains conditional or insufficient.,,,,https://www.cs.uga.edu/graduate-financial-assistance,Reconsider only if direct official evidence materially improves the failed gate or application economics.
University of Idaho,"Computer Science, Ph.D.",Pass 2 gated out,Do Not Apply,Pass 2.1 does not justify application spending; unresolved or failed areas: funding.,Funding remains conditional or insufficient.,,,"The fee or applicable waiver is high, unknown, or unverified.",https://www.uidaho.edu/academics/degree-finder/computer-sci-phd,Reconsider only if direct official evidence materially improves the failed gate or application economics.
University of Illinois Urbana-Champaign,Computer Science PhD,Pass 2 gated out,Do Not Apply,"The 3.35 cumulative GPA is below the published 3.40 CS PhD minimum; only a rare-exception path exists, and the high-fee extreme reach is not justified over the chosen portfolio.",Funding passes claim-level review but does not overcome the remaining portfolio weaknesses.,,,,https://catalog.illinois.edu/graduate/engineering/computer-science-phd/,Reconsider only if direct official evidence materially improves the failed gate or application economics.
University of Kansas,Doctor of Philosophy in Computer Science,Pass 2 gated out,Do Not Apply,Pass 2.1 does not justify application spending; unresolved or failed areas: funding.,Funding remains conditional or insufficient.,,,,https://eecs.ku.edu/graduate-funding,Reconsider only if direct official evidence materially improves the failed gate or application economics.
University of Massachusetts-Lowell,Doctor of Philosophy (Ph.D.) in Computer Science,Pass 2 gated out,Do Not Apply,Pass 2.1 does not justify application spending; unresolved or failed areas: funding.,Funding remains conditional or insufficient.,,,"The fee or applicable waiver is high, unknown, or unverified.",https://cs.uml.edu/~gcoord/student-faq.html,Reconsider only if direct official evidence materially improves the failed gate or application economics.
University of Nevada-Reno,Doctor of Philosophy in Computer Science and Engineering,Pass 2 gated out,Do Not Apply,Pass 2.1 does not justify application spending; unresolved or failed areas: funding.,Funding remains conditional or insufficient.,,,,https://www.unr.edu/grad/funding/assistantships,Reconsider only if direct official evidence materially improves the failed gate or application economics.
University of North Carolina at Charlotte,Ph.D. in Computing and Information Systems — Software and Information Systems Track,Pass 2 gated out,Do Not Apply,Pass 2.1 does not justify application spending; unresolved or failed areas: funding.,Funding remains conditional or insufficient.,,,,https://graduateschool.charlotte.edu/funding/funding-faq/,Reconsider only if direct official evidence materially improves the failed gate or application economics.
University of Oregon,Doctor of Philosophy in Computer Science,Pass 2 gated out,Do Not Apply,Pass 2.1 does not justify application spending; unresolved or failed areas: funding.,Funding remains conditional or insufficient.,,,,https://scds.uoregon.edu/cs/graduate-programs/funding,Reconsider only if direct official evidence materially improves the failed gate or application economics.
University of Pittsburgh-Pittsburgh Campus,Doctor of Philosophy in Computer Science,Pass 2 gated out,Do Not Apply,Pass 2.1 does not justify application spending; unresolved or failed areas: funding.,Funding remains conditional or insufficient.,,,,https://intranet.cs.pitt.edu/grad/,Reconsider only if direct official evidence materially improves the failed gate or application economics.
University of South Carolina-Columbia,Doctor of Philosophy in Computer Science,Pass 2 gated out,Do Not Apply,Pass 2.1 does not justify application spending; unresolved or failed areas: funding.,Funding remains conditional or insufficient.,,,,https://cse.sc.edu/content/financial-support,Reconsider only if direct official evidence materially improves the failed gate or application economics.
University of Wyoming,PhD in Computer Science,Pass 2 gated out,Do Not Apply,Pass 2.1 does not justify application spending; unresolved or failed areas: funding.,Funding remains conditional or insufficient.,,,,https://www.uwyo.edu/uw/degree-programs/computer-science-ms-phd.html,Reconsider only if direct official evidence materially improves the failed gate or application economics.
Virginia Commonwealth University,Doctor of Philosophy in Computer Science,Pass 2 gated out,Do Not Apply,Pass 2.1 does not justify application spending; unresolved or failed areas: funding.,Funding passes claim-level review but does not overcome the remaining portfolio weaknesses.,,,,https://egr.vcu.edu/future-students/international/,Reconsider only if direct official evidence materially improves the failed gate or application economics.
Washington State University,Doctor of Philosophy in Computer Science,Pass 2 gated out,Do Not Apply,Pass 2.1 does not justify application spending; unresolved or failed areas: funding.,Funding remains conditional or insufficient.,,,,https://gradschool.wsu.edu/degrees/doctor-of-philosophy-computer-science/,Reconsider only if direct official evidence materially improves the failed gate or application economics.
Worcester Polytechnic Institute,PhD in Computer Science,Pass 2 gated out,Do Not Apply,Pass 2.1 does not justify application spending; unresolved or failed areas: funding.,Funding remains conditional or insufficient.,,,,https://www.wpi.edu/admissions/graduate,Reconsider only if direct official evidence materially improves the failed gate or application economics.
Brock University,Computer Science MSc — Thesis Stream,Pass 2 gated out,Do Not Apply,Pass 2.1 does not justify application spending; unresolved or failed areas: funding.,Funding remains conditional or insufficient.,,,"The fee or applicable waiver is high, unknown, or unverified.",https://brocku.ca/mathematics-science/computer-science/programs/msc-program/msc-financial/,Reconsider only if direct official evidence materially improves the failed gate or application economics.
Carleton University,Master of Applied Science in Electrical and Computer Engineering,Pass 2 gated out,Do Not Apply,Pass 2.1 does not justify application spending; unresolved or failed areas: funding.,Funding remains conditional or insufficient.,,,"The fee or applicable waiver is high, unknown, or unverified.",https://graduate.carleton.ca/financial-assistance/admissions-funding/,Reconsider only if direct official evidence materially improves the failed gate or application economics.
Clarkson University,PhD in Computer Science,Pass 2 gated out,Do Not Apply,Funding remains conditional after claim-level review and does not support application spending now.,Funding remains conditional or insufficient.,,,"The fee or applicable waiver is high, unknown, or unverified.",https://www.clarkson.edu/academics/majors-minors/computer-science-phd,Reconsider only if direct official evidence materially improves the failed gate or application economics.
Clemson University,Computer Science Ph.D.,Pass 2 gated out,Do Not Apply,Pass 2.1 does not justify application spending; unresolved or failed areas: funding.,Funding remains conditional or insufficient.,,,"The fee or applicable waiver is high, unknown, or unverified.",https://www.clemson.edu/cecas/departments/computing/academics/graduates/faq.html,Reconsider only if direct official evidence materially improves the failed gate or application economics.
Georgia State University,Doctor of Philosophy in Computer Science,Pass 2 gated out,Do Not Apply,Pass 2.1 does not justify application spending; unresolved or failed areas: funding.,Funding remains conditional or insufficient.,,,"The fee or applicable waiver is high, unknown, or unverified.",https://graduate.gsu.edu/program/computer-science-phd/,Reconsider only if direct official evidence materially improves the failed gate or application economics.
Illinois Institute of Technology,Computer Science (Ph.D.),Pass 2 gated out,Do Not Apply,Pass 2.1 does not justify application spending; unresolved or failed areas: funding.,Funding remains conditional or insufficient.,,,"The fee or applicable waiver is high, unknown, or unverified.",https://cs.iit.edu/~nsultana1/student_projects/phd.html,Reconsider only if direct official evidence materially improves the failed gate or application economics.
Kansas State University,Doctor of Philosophy in Computer Science,Pass 2 gated out,Do Not Apply,Pass 2.1 does not justify application spending; unresolved or failed areas: funding.,Funding remains conditional or insufficient.,,,"The fee or applicable waiver is high, unknown, or unverified.",https://www.k-state.edu/grad/financial-support/assistantships.html,Reconsider only if direct official evidence materially improves the failed gate or application economics.
Louisiana State University and Agricultural & Mechanical College,Ph.D. in Computer Science and Engineering,Pass 2 gated out,Do Not Apply,Pass 2.1 does not justify application spending; unresolved or failed areas: funding.,Funding remains conditional or insufficient.,,,"The fee or applicable waiver is high, unknown, or unverified.",https://www.lsu.edu/eng/cse/programs/graduate_program/graduate_phd.php,Reconsider only if direct official evidence materially improves the failed gate or application economics.
McMaster University,Master of Applied Science in Software Engineering,Pass 2 gated out,Conditional,Do not apply without a supervisor-level funding commitment.,Supervisor-dependent conditional funding,,,"The fee or applicable waiver is high, unknown, or unverified.",https://www.eng.mcmaster.ca/app/uploads/2024/03/Application_FAQ_Graduate_Computing-and-Software.pdf,What two-year package would a willing supervisor guarantee after international tuition and supplementary fees?
Montana State University,Computer Science PhD,Pass 2 gated out,Do Not Apply,Pass 2.1 does not justify application spending; unresolved or failed areas: funding.,Funding remains conditional or insufficient.,,,"The fee or applicable waiver is high, unknown, or unverified.",https://www.cs.montana.edu/graduate-admissions.html,Reconsider only if direct official evidence materially improves the failed gate or application economics.
Simon Fraser University,Master of Applied Science in Engineering Science,Pass 2 gated out,Conditional,Do not apply until one supervisor confirms a viable package.,Supervisor-dependent conditional funding,,,"The fee or applicable waiver is high, unknown, or unverified.",https://www.sfu.ca/fas/study/future-graduates/programs/master-applied-science.html,What minimum two-year funding and tuition offset will a willing supervisor commit for an international MASc student?
Simon Fraser University,Master of Science in Computing Science — Thesis Option,Pass 2 gated out,Do Not Apply,Pass 2.1 does not justify application spending; unresolved or failed areas: eligibility.,,Formal academic or international eligibility is unresolved or fails.,,"The fee or applicable waiver is high, unknown, or unverified.",https://www.sfu.ca/fas/study/future-graduates/programs/master-science-thesis.html,Reconsider only if direct official evidence materially improves the failed gate or application economics.
University of California-Irvine,Software Engineering PhD,Pass 2 gated out,Do Not Apply,Pass 2.1 does not justify application spending; unresolved or failed areas: funding.,Funding remains conditional or insufficient.,,,"The fee or applicable waiver is high, unknown, or unverified.",https://ics.uci.edu/admissions-information-and-computer-science/graduate-admissions/graduate-research-admissions-faq/,Reconsider only if direct official evidence materially improves the failed gate or application economics.
University of California-Riverside,Ph.D. in Computer Science,Pass 2 gated out,Do Not Apply,Pass 2.1 does not justify application spending; unresolved or failed areas: funding.,Funding remains conditional or insufficient.,,,"The fee or applicable waiver is high, unknown, or unverified.",https://www1.cs.ucr.edu/graduate-admissions-frequently-asked-questions,Reconsider only if direct official evidence materially improves the failed gate or application economics.
University of California-San Diego,Computer Science and Engineering PhD,Pass 2 gated out,Do Not Apply,Pass 2.1 does not justify application spending; unresolved or failed areas: funding.,Funding passes claim-level review but does not overcome the remaining portfolio weaknesses.,,,"The fee or applicable waiver is high, unknown, or unverified.",https://cse.ucsd.edu/graduate/financial-opportunities,Reconsider only if direct official evidence materially improves the failed gate or application economics.
University of California-Santa Barbara,Doctor of Philosophy in Computer Science,Pass 2 gated out,Do Not Apply,Pass 2.1 does not justify application spending; unresolved or failed areas: funding.,Funding remains conditional or insufficient.,,,"The fee or applicable waiver is high, unknown, or unverified.",https://cs.ucsb.edu/index.php/education/graduate/how-to-apply,Reconsider only if direct official evidence materially improves the failed gate or application economics.
University of Connecticut,Computer Science and Engineering (PhD),Pass 2 gated out,Do Not Apply,Pass 2.1 does not justify application spending; unresolved or failed areas: funding.,Funding remains conditional or insufficient.,,,"The fee or applicable waiver is high, unknown, or unverified.",https://computing.engineering.uconn.edu/graduate-studies/grad-fellowships-assistantships/,Reconsider only if direct official evidence materially improves the failed gate or application economics.
University of Gothenburg,Software Engineering and Management Master's Programme,Pass 2 gated out,Do Not Apply,Pass 2.1 does not justify application spending; unresolved or failed areas: funding.,Funding remains conditional or insufficient.,,,"The fee or applicable waiver is high, unknown, or unverified.",https://www.gu.se/en/study-gothenburg/software-engineering-and-management-masters-programme-n2sof,Reconsider only if direct official evidence materially improves the failed gate or application economics.
University of Guelph,Doctor of Philosophy in Computer Science,Pass 2 gated out,Do Not Apply,Pass 2.1 does not justify application spending; unresolved or failed areas: eligibility.,,Formal academic or international eligibility is unresolved or fails.,,"The fee or applicable waiver is high, unknown, or unverified.",https://www.uoguelph.ca/programs/phd-computer-science,Reconsider only if direct official evidence materially improves the failed gate or application economics.
University of Iowa,Ph.D. in Computer Science,Pass 2 gated out,Do Not Apply,Pass 2.1 does not justify application spending; unresolved or failed areas: funding.,Funding remains conditional or insufficient.,,,"The fee or applicable waiver is high, unknown, or unverified.",https://cs.uiowa.edu/graduate/funding,Reconsider only if direct official evidence materially improves the failed gate or application economics.
University of Louisiana at Lafayette,PhD in Applied Computing and Information Sciences,Pass 2 gated out,Do Not Apply,Pass 2.1 does not justify application spending; unresolved or failed areas: funding.,Funding remains conditional or insufficient.,,,"The fee or applicable waiver is high, unknown, or unverified.",https://louisiana.edu/graduateschool/majors-minors/applied-computing-and-information-sciences-phd,Reconsider only if direct official evidence materially improves the failed gate or application economics.
University of Louisville,Doctor of Philosophy in Computer Science and Engineering,Pass 2 gated out,Do Not Apply,Funding remains conditional after claim-level review and does not support application spending now.,Funding remains conditional or insufficient.,,,"The fee or applicable waiver is high, unknown, or unverified.",https://engineering.louisville.edu/graduatefunding/,Reconsider only if direct official evidence materially improves the failed gate or application economics.
University of Missouri-Columbia,PhD in Computer Science,Pass 2 gated out,Do Not Apply,Pass 2.1 does not justify application spending; unresolved or failed areas: funding.,Funding remains conditional or insufficient.,,,"The fee or applicable waiver is high, unknown, or unverified.",https://catalog.missouri.edu/collegeofengineering/computerscience/,Reconsider only if direct official evidence materially improves the failed gate or application economics.
University of Nebraska at Omaha,"Computing & Information Science, Ph.D.",Pass 2 gated out,Do Not Apply,Pass 2.1 does not justify application spending; unresolved or failed areas: funding.,Funding remains conditional or insufficient.,,,"The fee or applicable waiver is high, unknown, or unverified.",https://www.unomaha.edu/college-of-information-science-and-technology/phd-it/prospective-students/financial-aid.php,Reconsider only if direct official evidence materially improves the failed gate or application economics.
University of New Hampshire-Main Campus,"Computer Science, Ph.D.",Pass 2 gated out,Do Not Apply,Pass 2.1 does not justify application spending; unresolved or failed areas: funding.,Funding remains conditional or insufficient.,,,"The fee or applicable waiver is high, unknown, or unverified.",https://www.unh.edu/program/doctor-philosophy/computer-science,Reconsider only if direct official evidence materially improves the failed gate or application economics.
University of Rhode Island,Computer Science Ph.D.,Pass 2 gated out,Do Not Apply,Pass 2.1 does not justify application spending; unresolved or failed areas: funding.,Funding remains conditional or insufficient.,,,"The fee or applicable waiver is high, unknown, or unverified.",https://web.uri.edu/graduate-school/funding/assistantships/,Reconsider only if direct official evidence materially improves the failed gate or application economics.
University of Wisconsin-Madison,"Computer Sciences, PhD",Pass 2 gated out,Do Not Apply,Pass 2.1 does not justify application spending; unresolved or failed areas: funding.,Funding remains conditional or insufficient.,,,"The fee or applicable waiver is high, unknown, or unverified.",https://www.cs.wisc.edu/grad/programs/funding/,Reconsider only if direct official evidence materially improves the failed gate or application economics.
University of Wisconsin-Milwaukee,Computer Science PhD,Pass 2 gated out,Do Not Apply,Pass 2.1 does not justify application spending; unresolved or failed areas: funding.,Funding remains conditional or insufficient.,,,"The fee or applicable waiver is high, unknown, or unverified.",https://uwm.edu/engineering/academics/computer-science-phd/,Reconsider only if direct official evidence materially improves the failed gate or application economics.
West Virginia University,"Computer Science, Ph.D.",Pass 2 gated out,Do Not Apply,Pass 2.1 does not justify application spending; unresolved or failed areas: funding.,Funding remains conditional or insufficient.,,,"The fee or applicable waiver is high, unknown, or unverified.",https://lcsee.statler.wvu.edu/graduate,Reconsider only if direct official evidence materially improves the failed gate or application economics.
École Polytechnique de Montréal,Master of Applied Science in Computer Engineering — Software Engineering Option,Pass 2 gated out,Do Not Apply,Pass 2.1 does not justify application spending; unresolved or failed areas: funding.,Funding remains conditional or insufficient.,,,"The fee or applicable waiver is high, unknown, or unverified.",https://www.polymtl.ca/futur/en/es/finances,Reconsider only if direct official evidence materially improves the failed gate or application economics.
Boise State University,Doctor of Philosophy in Computing — Computer Science or Cybersecurity emphasis,Pass 2 gated out,Do Not Apply,Funding remains conditional after claim-level review and does not support application spending now.,Funding remains conditional or insufficient.,Formal academic or international eligibility is unresolved or fails.,,,https://www.boisestate.edu/computing/academics/doctoral-program/graduate-assistantships/,Reconsider only if direct official evidence materially improves the failed gate or application economics.
Florida International University,Doctor of Philosophy in Computer Science,Pass 2 gated out,Do Not Apply,Funding remains conditional after claim-level review and does not support application spending now.,Funding remains conditional or insufficient.,Formal academic or international eligibility is unresolved or fails.,,,https://www.cis.fiu.edu/degree/doctor-of-philosophy-in-computer-science/,Reconsider only if direct official evidence materially improves the failed gate or application economics.
George Mason University,Computer Science PhD,Pass 2 gated out,Do Not Apply,Pass 2.1 does not justify application spending; unresolved or failed areas: funding.,Funding remains conditional or insufficient.,,,,https://cs.gmu.edu/academics/graduate-programs,Reconsider only if direct official evidence materially improves the failed gate or application economics.
Oregon State University,Computer Science PhD,Pass 2 gated out,Do Not Apply,Pass 2.1 does not justify application spending; unresolved or failed areas: funding.,Funding remains conditional or insufficient.,,,,https://engineering.oregonstate.edu/academics/programs/computer-science/graduate,Reconsider only if direct official evidence materially improves the failed gate or application economics.
University of South Florida,Doctor of Philosophy in Computer Science and Engineering,Pass 2 gated out,Do Not Apply,"Pass 2.1 does not justify application spending; unresolved or failed areas: funding, eligibility.",Funding passes claim-level review but does not overcome the remaining portfolio weaknesses.,Formal academic or international eligibility is unresolved or fails.,,,https://www.usf.edu/ai-cybersecurity-computing/academics/application-faq.aspx,Reconsider only if direct official evidence materially improves the failed gate or application economics.
University of Trento,Master's Degree in Computer Science,Pass 2 gated out,Do Not Apply,Funding remains conditional after claim-level review and does not support application spending now.,Funding remains conditional or insufficient.,Formal academic or international eligibility is unresolved or fails.,,,https://www.unitn.it/en/study/fees-scholarships-accommodation/scholarships-and-awards/scholarships-international-students,Reconsider only if direct official evidence materially improves the failed gate or application economics.
University of Tulsa,"Computer Science, Ph.D.",Pass 2 gated out,Do Not Apply,Funding remains conditional after claim-level review and does not support application spending now.,Funding remains conditional or insufficient.,Formal academic or international eligibility is unresolved or fails.,,,https://utulsa.edu/tuition-aid/graduate-financial-assistance/assistantships-fellowships/,Reconsider only if direct official evidence materially improves the failed gate or application economics.
Florida Atlantic University,Doctor of Philosophy with Major in Computer Science,Pass 2 gated out,Do Not Apply,Funding remains conditional after claim-level review and does not support application spending now.,Funding remains conditional or insufficient.,Formal academic or international eligibility is unresolved or fails.,,"The fee or applicable waiver is high, unknown, or unverified.",https://www.fau.edu/engineering/graduate/phd-funding/,Reconsider only if direct official evidence materially improves the failed gate or application economics.
Ontario Tech University,Master of Applied Science in Software Engineering,Pass 2 gated out,Do Not Apply,Funding remains conditional after claim-level review and does not support application spending now.,Funding remains conditional or insufficient.,Formal academic or international eligibility is unresolved or fails.,,"The fee or applicable waiver is high, unknown, or unverified.",https://gradstudies.ontariotechu.ca/future_students/programs/masters_programs/software_engineering/index.php,Reconsider only if direct official evidence materially improves the failed gate or application economics.
Saint Mary’s University,MSc in Applied Science — Computing Science research field,Pass 2 gated out,Do Not Apply,Funding remains conditional after claim-level review and does not support application spending now.,Funding remains conditional or insufficient.,Formal academic or international eligibility is unresolved or fails.,,"The fee or applicable waiver is high, unknown, or unverified.",https://www.smu.ca/webfiles/MSc_APSC_ProgramGuide_20240909.pdf,Reconsider only if direct official evidence materially improves the failed gate or application economics.
St. Francis Xavier University,Master of Science in Computer Science,Pass 2 gated out,Do Not Apply,Funding remains conditional after claim-level review and does not support application spending now.,Funding remains conditional or insufficient.,Formal academic or international eligibility is unresolved or fails.,,"The fee or applicable waiver is high, unknown, or unverified.",https://www.stfx.ca/programs-courses/programs/master-science-computer-science,Reconsider only if direct official evidence materially improves the failed gate or application economics.
University of British Columbia,Master of Applied Science in Electrical and Computer Engineering,Pass 2 gated out,Do Not Apply,Funding remains conditional after claim-level review and does not support application spending now.,Funding remains conditional or insufficient.,Formal academic or international eligibility is unresolved or fails.,,"The fee or applicable waiver is high, unknown, or unverified.",https://www.grad.ubc.ca/prospective-students/graduate-degree-programs/master-of-applied-science-electrical-computer-engineering,Reconsider only if direct official evidence materially improves the failed gate or application economics.
University of Pisa,Master's Degree in Computer Science,Pass 2 gated out,Do Not Apply,Funding remains conditional after claim-level review and does not support application spending now.,Funding remains conditional or insufficient.,Formal academic or international eligibility is unresolved or fails.,,"The fee or applicable waiver is high, unknown, or unverified.",https://www.unipi.it/en/education/registration/enrolment-and-registration/enrolment-for-international-students/university-fees-and-scholarships/,Reconsider only if direct official evidence materially improves the failed gate or application economics.
Università di Camerino,Master of Science in Computer Science,Pass 2 gated out,Do Not Apply,Funding remains conditional after claim-level review and does not support application spending now.,Funding remains conditional or insufficient.,Formal academic or international eligibility is unresolved or fails.,,"The fee or applicable waiver is high, unknown, or unverified.",https://international.unicam.it/scholarship-unicam/erdis-scholarships,Reconsider only if direct official evidence materially improves the failed gate or application economics.
Western University,Master of Engineering Science (MESc) in Electrical and Computer Engineering,Pass 2 gated out,Do Not Apply,Funding remains conditional after claim-level review and does not support application spending now.,Funding remains conditional or insufficient.,Formal academic or international eligibility is unresolved or fails.,,"The fee or applicable waiver is high, unknown, or unverified.",https://www.eng.uwo.ca/electrical/graduate/current_students/mesc_program.html,Reconsider only if direct official evidence materially improves the failed gate or application economics.
Southern Illinois University-Carbondale,"Computer Science, Doctor of Philosophy",Pass 2 gated out,Do Not Apply,Funding remains conditional after claim-level review and does not support application spending now.,Funding remains conditional or insufficient.,Formal academic or international eligibility is unresolved or fails.,,,https://academics.siu.edu/computing-and-technology/computer-science/doctoral/,Reconsider only if direct official evidence materially improves the failed gate or application economics.
Stevens Institute of Technology,Ph.D. in Computer Science,Pass 2 gated out,Do Not Apply,"Pass 2.1 does not justify application spending; unresolved or failed areas: funding, eligibility.",Funding passes claim-level review but does not overcome the remaining portfolio weaknesses.,Formal academic or international eligibility is unresolved or fails.,,,https://www.stevens.edu/program/computer-science-doctoral-program,Reconsider only if direct official evidence materially improves the failed gate or application economics.
Wichita State University,PhD in Electrical Engineering and Computer Science,Pass 2 gated out,Do Not Apply,Funding remains conditional after claim-level review and does not support application spending now.,Funding remains conditional or insufficient.,Formal academic or international eligibility is unresolved or fails.,,"The fee or applicable waiver is high, unknown, or unverified.",https://www.wichita.edu/academics/graduate_school/assistantships.php,Reconsider only if direct official evidence materially improves the failed gate or application economics.
Georgia Institute of Technology-Main Campus,Computer Science PhD,Pass 2 gated out,Do Not Apply,Pass 2.1 does not justify application spending; unresolved or failed areas: funding.,Funding remains conditional or insufficient.,,,"The fee or applicable waiver is high, unknown, or unverified.",https://www.cc.gatech.edu/degree-programs/phd-computer-science,Reconsider only if direct official evidence materially improves the failed gate or application economics.
University of British Columbia,MSc in Computer Science (research),Pass 2 gated out,Do Not Apply,Pass 2.1 does not justify application spending; unresolved or failed areas: professor.,,,The existing corpus does not establish sufficient program-level concentration in Mitch's areas.,"The fee or applicable waiver is high, unknown, or unverified.",https://www.cs.ubc.ca/students/grad/admissions,Reconsider only if direct official evidence materially improves the failed gate or application economics.
University of Manitoba,Ph.D. in Computer Science,Pass 2 gated out,Do Not Apply,"Pass 2.1 does not justify application spending; unresolved or failed areas: funding, eligibility.",Funding passes claim-level review but does not overcome the remaining portfolio weaknesses.,Formal academic or international eligibility is unresolved or fails.,,"The fee or applicable waiver is high, unknown, or unverified.",https://umanitoba.ca/science/student-experience/financial-aid-awards/computer-science,Reconsider only if direct official evidence materially improves the failed gate or application economics.
University of Toronto,PhD in Computer Science (PhD U),Pass 2 gated out,Do Not Apply,Pass 2.1 does not justify application spending; unresolved or failed areas: professor.,,,The existing corpus does not establish sufficient program-level concentration in Mitch's areas.,"The fee or applicable waiver is high, unknown, or unverified.",https://web.cs.toronto.edu/graduate/funding-tuition-awards,Reconsider only if direct official evidence materially improves the failed gate or application economics.
York University,MASc in Electrical and Computer Engineering,Pass 2 gated out,Do Not Apply,Funding remains conditional after claim-level review and does not support application spending now.,Funding remains conditional or insufficient.,Formal academic or international eligibility is unresolved or fails.,,"The fee or applicable waiver is high, unknown, or unverified.",https://lassonde.yorku.ca/eecs/academics/financial-information-awards/,Reconsider only if direct official evidence materially improves the failed gate or application economics.
University of Nebraska-Lincoln,Computer Science PhD,Pass 2 gated out,Do Not Apply,"Pass 2.1 does not justify application spending; unresolved or failed areas: funding, eligibility.",Funding remains conditional or insufficient.,Formal academic or international eligibility is unresolved or fails.,,,https://graduate.unl.edu/academics/programs/COMP-PHD/,Reconsider only if direct official evidence materially improves the failed gate or application economics.
Queen’s University,MSc in Computing (research pattern),Pass 2 gated out,Do Not Apply,Pass 2.1 does not justify application spending; unresolved or failed areas: professor.,,,The existing corpus does not establish sufficient program-level concentration in Mitch's areas.,"The fee or applicable waiver is high, unknown, or unverified.",https://www.cs.queensu.ca/graduate/msc/patterns/research.php,Reconsider only if direct official evidence materially improves the failed gate or application economics.
University of Calgary,MSc in Computer Science (thesis),Pass 2 gated out,Do Not Apply,Pass 2.1 does not justify application spending; unresolved or failed areas: professor.,,,The existing corpus does not establish sufficient program-level concentration in Mitch's areas.,"The fee or applicable waiver is high, unknown, or unverified.",https://science.ucalgary.ca/computer-science/future-students/graduate/admission-requirements,Reconsider only if direct official evidence materially improves the failed gate or application economics.
University of Waterloo,MMath in Computer Science (thesis),Pass 2 gated out,Do Not Apply,Pass 2.1 does not justify application spending; unresolved or failed areas: professor.,,,The existing corpus does not establish sufficient program-level concentration in Mitch's areas.,"The fee or applicable waiver is high, unknown, or unverified.",https://uwaterloo.ca/computer-science/current-graduate-students/funding-and-awards,Reconsider only if direct official evidence materially improves the failed gate or application economics.
University of British Columbia,PhD Track via MSc,Pass 2 gated out,Do Not Apply,Pass 2.1 does not justify application spending; unresolved or failed areas: professor.,,,The existing corpus does not establish sufficient program-level concentration in Mitch's areas.,"The fee or applicable waiver is high, unknown, or unverified.",https://www.cs.ubc.ca/students/grad/admissions,Reconsider only if direct official evidence materially improves the failed gate or application economics.
ETH Zurich,Direct Doctorate in Computer Science,Pass 2 gated out,Do Not Apply,Funding remains conditional after claim-level review and does not support application spending now.,Funding remains conditional or insufficient.,,The existing corpus does not establish sufficient program-level concentration in Mitch's areas.,"The fee or applicable waiver is high, unknown, or unverified.",https://ethz.ch/en/doctorate.html,Reconsider only if direct official evidence materially improves the failed gate or application economics.
University of Virginia-Main Campus,Ph.D. in Computer Science,Pass 2 gated out,Do Not Apply,Funding remains conditional after claim-level review and does not support application spending now.,Funding remains conditional or insufficient.,,The existing corpus does not establish sufficient program-level concentration in Mitch's areas.,,https://engineering.virginia.edu/department/computer-science/academics/graduate-programs/phd-computer-science,Reconsider only if direct official evidence materially improves the failed gate or application economics.
University of Waterloo,PhD in Computer Science (direct from bachelor's exception),Pass 2 gated out,Do Not Apply,Pass 2.1 does not justify application spending; unresolved or failed areas: professor.,,,The existing corpus does not establish sufficient program-level concentration in Mitch's areas.,"The fee or applicable waiver is high, unknown, or unverified.",https://uwaterloo.ca/computer-science/current-graduate-students/funding-and-awards,Reconsider only if direct official evidence materially improves the failed gate or application economics.
Concordia University,Master of Computer Science (thesis),Pass 2 gated out,Do Not Apply,"Pass 2.1 does not justify application spending; unresolved or failed areas: funding, professor.",Funding remains conditional or insufficient.,,The existing corpus does not establish sufficient program-level concentration in Mitch's areas.,,https://www.concordia.ca/academics/graduate/computer-science-mcompsc.html,Reconsider only if direct official evidence materially improves the failed gate or application economics.
McGill University,MSc in Computer Science (thesis),Pass 2 gated out,Do Not Apply,"Pass 2.1 does not justify application spending; unresolved or failed areas: funding, professor.",Funding remains conditional or insufficient.,,The existing corpus does not establish sufficient program-level concentration in Mitch's areas.,"The fee or applicable waiver is high, unknown, or unverified.",https://www.cs.mcgill.ca/graduate/future/faq/,Reconsider only if direct official evidence materially improves the failed gate or application economics.
University of Calgary,PhD in Computer Science (without completed MSc),Pass 2 gated out,Conditional,Do not apply until the fifth-year funding plan is documented.,Duration-mismatch conditional funding,Formal academic or international eligibility is unresolved or fails.,The existing corpus does not establish sufficient program-level concentration in Mitch's areas.,"The fee or applicable waiver is high, unknown, or unverified.",https://science.ucalgary.ca/computer-science/future-students/graduate/admission-requirements,Will the department extend its four-year guaranteed minimum through the expected fifth year for a direct-from-bachelor PhD student?
University of Edinburgh,PhD Informatics,Pass 2 gated out,Do Not Apply,"Pass 2.1 does not justify application spending; unresolved or failed areas: funding, professor.",Funding remains conditional or insufficient.,,The existing corpus does not establish sufficient program-level concentration in Mitch's areas.,"The fee or applicable waiver is high, unknown, or unverified.",https://informatics.ed.ac.uk/study-with-us/our-degrees/postgraduate-research-and-cdts/postgraduate-research-funding-opportunities-0,Reconsider only if direct official evidence materially improves the failed gate or application economics.
University of Saskatchewan,MSc in Computer Science (thesis),Pass 2 gated out,Do Not Apply,"Pass 2.1 does not justify application spending; unresolved or failed areas: funding, professor.",Funding remains conditional or insufficient.,,The existing corpus does not establish sufficient program-level concentration in Mitch's areas.,"The fee or applicable waiver is high, unknown, or unverified.",https://grad.usask.ca/programs/computer-science.php,Reconsider only if direct official evidence materially improves the failed gate or application economics.
University of Victoria,MSc in Computer Science (thesis),Pass 2 gated out,Do Not Apply,"Pass 2.1 does not justify application spending; unresolved or failed areas: funding, professor.",Funding remains conditional or insufficient.,,The existing corpus does not establish sufficient program-level concentration in Mitch's areas.,"The fee or applicable waiver is high, unknown, or unverified.",https://www.uvic.ca/ecs/computerscience/programs/msc/index.php,Reconsider only if direct official evidence materially improves the failed gate or application economics.
Åbo Akademi University,Erasmus Mundus Joint Master in Engineering of Data-intensive Intelligent Software Systems (EDISS),Pass 2 gated out,Do Not Apply,Funding remains conditional after claim-level review and does not support application spending now.,Funding remains conditional or insufficient.,,The existing corpus does not establish sufficient program-level concentration in Mitch's areas.,"The fee or applicable waiver is high, unknown, or unverified.",https://www.master-ediss.eu/scholarship/,Reconsider only if direct official evidence materially improves the failed gate or application economics.
Trinity College Dublin,PhD in Computer Science and Statistics,Pass 2 gated out,Do Not Apply,"Pass 2.1 does not justify application spending; unresolved or failed areas: funding, professor.",Funding remains conditional or insufficient.,,The existing corpus does not establish sufficient program-level concentration in Mitch's areas.,"The fee or applicable waiver is high, unknown, or unverified.",https://www.tcd.ie/courses/postgraduate/postgraduate-research/engineering-mathematics-and-science/school-of-computer-science-and-statistics/,Reconsider only if direct official evidence materially improves the failed gate or application economics.
Saarland University,Saarbrücken Graduate School of Computer Science,Pass 2 gated out,Do Not Apply,"Pass 2.1 does not justify application spending; unresolved or failed areas: funding, professor.",Funding remains conditional or insufficient.,,The existing corpus does not establish sufficient program-level concentration in Mitch's areas.,"The fee or applicable waiver is high, unknown, or unverified.",https://www.uni-saarland.de/en/future/computerscience.html,Reconsider only if direct official evidence materially improves the failed gate or application economics.
University College London,Computer Science MPhil/PhD,Pass 2 gated out,Do Not Apply,"Pass 2.1 does not justify application spending; unresolved or failed areas: funding, professor.",Funding remains conditional or insufficient.,,The existing corpus does not establish sufficient program-level concentration in Mitch's areas.,"The fee or applicable waiver is high, unknown, or unverified.",https://www.ucl.ac.uk/study/prospective-students/graduate/courses/computer-science-mphilphd,Reconsider only if direct official evidence materially improves the failed gate or application economics.
University of Alberta,MSc in Computing Science (thesis),Pass 2 gated out,Do Not Apply,"Pass 2.1 does not justify application spending; unresolved or failed areas: funding, professor.",Funding remains conditional or insufficient.,,The existing corpus does not establish sufficient program-level concentration in Mitch's areas.,"The fee or applicable waiver is high, unknown, or unverified.",https://www.ualberta.ca/en/admissions/media-library/ua_viewbook_graduate-studies_2026-27_web.pdf,Reconsider only if direct official evidence materially improves the failed gate or application economics.
University of Cambridge,PhD in Computer Science,Pass 2 gated out,Do Not Apply,"Pass 2.1 does not justify application spending; unresolved or failed areas: funding, professor.",Funding remains conditional or insufficient.,,The existing corpus does not establish sufficient program-level concentration in Mitch's areas.,"The fee or applicable waiver is high, unknown, or unverified.",https://www.cst.cam.ac.uk/admissions/phd,Reconsider only if direct official evidence materially improves the failed gate or application economics.
University of Oxford,DPhil in Computer Science,Pass 2 gated out,Do Not Apply,"Pass 2.1 does not justify application spending; unresolved or failed areas: funding, professor.",Funding remains conditional or insufficient.,,The existing corpus does not establish sufficient program-level concentration in Mitch's areas.,"The fee or applicable waiver is high, unknown, or unverified.",https://www.ox.ac.uk/admissions/graduate/courses/dphil-computer-science,Reconsider only if direct official evidence materially improves the failed gate or application economics.
Université de Hearst,Institution-level exclusion audit; no exact recommended program,unresolved_no_independent_positive,Do Not Apply,"No independent positive signal was observed, but the original exclusion was a bounded mechanical screen rather than an exhaustive official-catalog finding.",No exact research program with credible funding is verified.,Exact program eligibility is not verified.,No decision-ready program-level fit is verified.,No application should be purchased without an exact viable program.,https://uhearst.ca/programmes/nos-programmes-detudes/,"Reconsider only if a specific research degree, eligibility route, funding package, and program-level fit are verified."
Vilnius College of Technologies and Design,Institution-level exclusion audit; no exact recommended program,unresolved_no_independent_positive,Do Not Apply,"No independent positive signal was observed, but the original exclusion was a bounded mechanical screen rather than an exhaustive official-catalog finding.",No exact research program with credible funding is verified.,Exact program eligibility is not verified.,No decision-ready program-level fit is verified.,No application should be purchased without an exact viable program.,http://www.vtdko.lt/en/,"Reconsider only if a specific research degree, eligibility route, funding package, and program-level fit are verified."
BI Norwegian Business School,Institution-level exclusion audit; no exact recommended program,reopen_in_funnel,Do Not Apply,An independent discovery path contradicts the bounded original screen; the institution now has a catalog-verification candidate and is not treated as a confirmed no-program result.,No exact research program with credible funding is verified.,Exact program eligibility is not verified.,No decision-ready program-level fit is verified.,No application should be purchased without an exact viable program.,http://www.bi.edu/,"Reconsider only if a specific research degree, eligibility route, funding package, and program-level fit are verified."
University of Florence,Institution-level exclusion audit; no exact recommended program,unresolved_no_independent_positive,Do Not Apply,"No independent positive signal was observed, but the original exclusion was a bounded mechanical screen rather than an exhaustive official-catalog finding.",No exact research program with credible funding is verified.,Exact program eligibility is not verified.,No decision-ready program-level fit is verified.,No application should be purchased without an exact viable program.,https://www.unifi.it,"Reconsider only if a specific research degree, eligibility route, funding package, and program-level fit are verified."
Bournemouth University,Institution-level exclusion audit; no exact recommended program,unresolved_no_independent_positive,Do Not Apply,"No independent positive signal was observed, but the original exclusion was a bounded mechanical screen rather than an exhaustive official-catalog finding.",No exact research program with credible funding is verified.,Exact program eligibility is not verified.,No decision-ready program-level fit is verified.,No application should be purchased without an exact viable program.,https://www.bournemouth.ac.uk,"Reconsider only if a specific research degree, eligibility route, funding package, and program-level fit are verified."
University of Genoa,Institution-level exclusion audit; no exact recommended program,unresolved_no_independent_positive,Do Not Apply,"No independent positive signal was observed, but the original exclusion was a bounded mechanical screen rather than an exhaustive official-catalog finding.",No exact research program with credible funding is verified.,Exact program eligibility is not verified.,No decision-ready program-level fit is verified.,No application should be purchased without an exact viable program.,https://unige.it,"Reconsider only if a specific research degree, eligibility route, funding package, and program-level fit are verified."
University of Klagenfurt,Institution-level exclusion audit; no exact recommended program,unresolved_no_independent_positive,Do Not Apply,"No independent positive signal was observed, but the original exclusion was a bounded mechanical screen rather than an exhaustive official-catalog finding.",No exact research program with credible funding is verified.,Exact program eligibility is not verified.,No decision-ready program-level fit is verified.,No application should be purchased without an exact viable program.,https://www.aau.at,"Reconsider only if a specific research degree, eligibility route, funding package, and program-level fit are verified."
Tilburg University,Institution-level exclusion audit; no exact recommended program,reopen_in_funnel,Do Not Apply,An independent discovery path contradicts the bounded original screen; the institution now has a catalog-verification candidate and is not treated as a confirmed no-program result.,No exact research program with credible funding is verified.,Exact program eligibility is not verified.,No decision-ready program-level fit is verified.,No application should be purchased without an exact viable program.,https://www.tilburguniversity.edu/,"Reconsider only if a specific research degree, eligibility route, funding package, and program-level fit are verified."
Northumbria University,Institution-level exclusion audit; no exact recommended program,unresolved_no_independent_positive,Do Not Apply,"No independent positive signal was observed, but the original exclusion was a bounded mechanical screen rather than an exhaustive official-catalog finding.",No exact research program with credible funding is verified.,Exact program eligibility is not verified.,No decision-ready program-level fit is verified.,No application should be purchased without an exact viable program.,https://www.northumbria.ac.uk/,"Reconsider only if a specific research degree, eligibility route, funding package, and program-level fit are verified."
Rollins College,Institution-level exclusion audit; no exact recommended program,unresolved_no_independent_positive,Do Not Apply,"No independent positive signal was observed, but the original exclusion was a bounded mechanical screen rather than an exhaustive official-catalog finding.",No exact research program with credible funding is verified.,Exact program eligibility is not verified.,No decision-ready program-level fit is verified.,No application should be purchased without an exact viable program.,https://nces.ed.gov/ipeds/datacenter/DataFiles.aspx,"Reconsider only if a specific research degree, eligibility route, funding package, and program-level fit are verified."
St. Francis College,Institution-level exclusion audit; no exact recommended program,reopen_in_funnel,Do Not Apply,An independent discovery path contradicts the bounded original screen; the institution now has a catalog-verification candidate and is not treated as a confirmed no-program result.,No exact research program with credible funding is verified.,Exact program eligibility is not verified.,No decision-ready program-level fit is verified.,No application should be purchased without an exact viable program.,https://nces.ed.gov/ipeds/datacenter/DataFiles.aspx,"Reconsider only if a specific research degree, eligibility route, funding package, and program-level fit are verified."
Trine University,Institution-level exclusion audit; no exact recommended program,reopen_in_funnel,Do Not Apply,An independent discovery path contradicts the bounded original screen; the institution now has a catalog-verification candidate and is not treated as a confirmed no-program result.,No exact research program with credible funding is verified.,Exact program eligibility is not verified.,No decision-ready program-level fit is verified.,No application should be purchased without an exact viable program.,https://nces.ed.gov/ipeds/datacenter/DataFiles.aspx,"Reconsider only if a specific research degree, eligibility route, funding package, and program-level fit are verified."
University of Indianapolis,Institution-level exclusion audit; no exact recommended program,unresolved_no_independent_positive,Do Not Apply,"No independent positive signal was observed, but the original exclusion was a bounded mechanical screen rather than an exhaustive official-catalog finding.",No exact research program with credible funding is verified.,Exact program eligibility is not verified.,No decision-ready program-level fit is verified.,No application should be purchased without an exact viable program.,https://nces.ed.gov/ipeds/datacenter/DataFiles.aspx,"Reconsider only if a specific research degree, eligibility route, funding package, and program-level fit are verified."
Vanguard University of Southern California,Institution-level exclusion audit; no exact recommended program,unresolved_no_independent_positive,Do Not Apply,"No independent positive signal was observed, but the original exclusion was a bounded mechanical screen rather than an exhaustive official-catalog finding.",No exact research program with credible funding is verified.,Exact program eligibility is not verified.,No decision-ready program-level fit is verified.,No application should be purchased without an exact viable program.,https://nces.ed.gov/ipeds/datacenter/DataFiles.aspx,"Reconsider only if a specific research degree, eligibility route, funding package, and program-level fit are verified."
University of Arkansas for Medical Sciences,Institution-level exclusion audit; no exact recommended program,unresolved_no_independent_positive,Do Not Apply,"No independent positive signal was observed, but the original exclusion was a bounded mechanical screen rather than an exhaustive official-catalog finding.",No exact research program with credible funding is verified.,Exact program eligibility is not verified.,No decision-ready program-level fit is verified.,No application should be purchased without an exact viable program.,https://nces.ed.gov/ipeds/datacenter/DataFiles.aspx,"Reconsider only if a specific research degree, eligibility route, funding package, and program-level fit are verified."
Austin Peay State University,Institution-level exclusion audit; no exact recommended program,unresolved_no_independent_positive,Do Not Apply,"No independent positive signal was observed, but the original exclusion was a bounded mechanical screen rather than an exhaustive official-catalog finding.",No exact research program with credible funding is verified.,Exact program eligibility is not verified.,No decision-ready program-level fit is verified.,No application should be purchased without an exact viable program.,https://nces.ed.gov/ipeds/datacenter/DataFiles.aspx,"Reconsider only if a specific research degree, eligibility route, funding package, and program-level fit are verified."
University of North Texas Health Science Center,Institution-level exclusion audit; no exact recommended program,unresolved_no_independent_positive,Do Not Apply,"No independent positive signal was observed, but the original exclusion was a bounded mechanical screen rather than an exhaustive official-catalog finding.",No exact research program with credible funding is verified.,Exact program eligibility is not verified.,No decision-ready program-level fit is verified.,No application should be purchased without an exact viable program.,https://nces.ed.gov/ipeds/datacenter/DataFiles.aspx,"Reconsider only if a specific research degree, eligibility route, funding package, and program-level fit are verified."
