institution_id,institution_name,program_id,program_name,claim_type,exact_claim_supported,official_url,date_accessed,verification_status,notes
us:ipeds:211440,Carnegie Mellon University,us:ipeds:211440:program:phd:software-engineering-ph-d,Software Engineering Ph.D.,program_status_and_structure,Official program page describes an active Software Engineering Ph.D. focused on complex software systems in an AI future.,https://se-phd.isri.cmu.edu/,2026-09-09,opened official page,Spot check only; no recruiting inference and no faculty/funding conclusion.
us:ipeds:139755,Georgia Institute of Technology-Main Campus,us:ipeds:139755:program:phd:ph-d-in-computer-science,Ph.D. in Computer Science,program_status_and_structure,Official program page describes an active research-oriented Ph.D. in Computer Science culminating in dissertation research.,https://www.cc.gatech.edu/degree-programs/phd-computer-science,2026-09-09,opened official page,Spot check only; no recruiting inference and no faculty/funding conclusion.
us:ipeds:228778,The University of Texas at Austin,us:ipeds:228778:program:phd:ph-d-in-computer-science,Ph.D. in Computer Science,program_status_and_structure,Official research-degrees page describes an active Ph.D. with early research immersion and dissertation credit.,https://www.cs.utexas.edu/graduate/research-degrees,2026-09-09,opened official page,Spot check only; no recruiting inference and no faculty/funding conclusion.
us:ipeds:110653,University of California-Irvine,us:ipeds:110653:program:phd:ph-d-in-software-engineering,Ph.D. in Software Engineering,program_status_and_structure,"Official program page describes an active Software Engineering Ph.D. addressing software quality, debugging, development infrastructure, and empirical work.",https://informatics.ics.uci.edu/phd-software-engineering/,2026-09-09,opened official page,Spot check only; no recruiting inference and no faculty/funding conclusion.
us:ipeds:233921,Virginia Polytechnic Institute and State University,us:ipeds:233921:program:phd:ph-d-in-computer-science-and-applications,Ph.D. in Computer Science and Applications,program_status_and_structure,Official graduate-program page lists an active research Ph.D. and research-track funding opportunities.,https://website.cs.vt.edu/academic/graduate/future-grads.html,2026-09-09,opened official page,Spot check only; no recruiting inference and no faculty/funding conclusion.
us:ipeds:232186,George Mason University,us:ipeds:232186:program:phd:ph-d-in-computer-science,Ph.D. in Computer Science,program_status_and_structure,Official graduate-program page lists an active Ph.D. in Computer Science and research collaboration with faculty.,https://cs.gmu.edu/academics/graduate-programs,2026-09-09,opened official page,Spot check only; no recruiting inference and no faculty/funding conclusion.
us:ipeds:199193,North Carolina State University at Raleigh,us:ipeds:199193:program:phd:ph-d-in-computer-science,Ph.D. in Computer Science,program_status_and_structure,"Official program page describes a 72-credit Ph.D. beyond the bachelor's degree with research, advisor, and dissertation requirements.",https://csc.ncsu.edu/academics/graduate/phd/,2026-09-09,opened official page,Spot check only; no recruiting inference and no faculty/funding conclusion.
us:ipeds:214777,Pennsylvania State University-Main Campus,us:ipeds:214777:program:phd:ph-d-in-computer-science-and-engineering,Ph.D. in Computer Science and Engineering,program_status_and_structure,Official graduate-degree page lists an active Computer Science and Engineering Ph.D. with a required research experience.,https://www.eecs.psu.edu/students/graduate/Graduate-Degree-Programs-CSE.aspx,2026-09-09,opened official page,Spot check only; no recruiting inference and no faculty/funding conclusion.
us:ipeds:209542,Oregon State University,us:ipeds:209542:program:phd:ph-d-in-computer-science,Ph.D. in Computer Science,program_status_and_structure,"Official graduate-program page lists an active Computer Science Ph.D. and research areas including AI, cybersecurity, and software engineering.",https://engineering.oregonstate.edu/academics/programs/computer-science/graduate,2026-09-09,opened official page,Spot check only; no recruiting inference and no faculty/funding conclusion.
